domain,label
notiziepericolose.blogspot.it,0
ilmattoquotidiano.it,0
ilmessaggio.it,0
ilfattoquotidaino.it,0
ilquotidaino.wordpress.com,0
liberogiornale.com,0
notiziariosegreto.wordpress.com,0
secretnews.fr,0
superbamente.com,0
worldnewsdailyreport.com,0
fonteverificata.it,0
dionidream.com,0
lastella.altervista.org,0
segnidalcielo.it,0
pianetablunews.wordpress.com,0
saltoquantico.org,0
autismovaccini.org,0
jedanews.it/blog,0
naturalnews.com,0
notiziespericolate.com,0
viaggialowcost.altervista.org,0
sadefenza.blogspot.com,0
renovatio21.com,0
devinformarti.blogspot.it/?m=1,0
imolaoggi.it,0
scenarieconomici.it,0
voxnews.info,0
informarexresistere.fr,0
breaknotizie.com,0
direttanews24.com,0
fascinazione.info,0
tg5stelle.it,0
blogopenyoureyes.altervista.org,0
ilbazarinformazione.blogspot.it,0
informare.over-blog.it,0
notizieinmovimentonews.blogspot.it,0
tg24-ore.com,0
informaresenzacensure.blogspot.com,0
byoblu.com,0
mag24.es,0
iocritico.com,0
sostenitori.info,0
irresponsabile.com,0
aidaa-animaliambiente.blogspot.it,0
thuglifevideos.com,0
yournewswire.com,0
maurizioblondet.it,0
tgnewsitalia.it/wp,1
vnews24.it,1
internapoli.it,1
americablog.com,1
commondreams.org,1
dailycaller.com,1
dailykos.com,1
elitereaders.com,1
endtime.com,1
lifezette.com,1
livevote.com,1
lovethispic.com,1
meanlefthook.com,1
occupyliberals.com,1
patriotchronicle.com,1
rawstory.com,1
remedydaily.com,1
twitchy.com,1
bigpzone.com,1
wideawakeamerica.com,1
redflagnews.com,1
amusmentic.com,1
automotostar.com,1
chicksontheright.com,1
educateinspirechange.org/health,1
heatst.com,1
indiaarising.com,1
liberalamerica.org,1
uslifetoday.com,1
usuncut.com,1
viraltube.nl,1
yournationnews.com,1
sulatestagiannilannes.blogspot.it,0
tmcrew.org,0
tanker-enemy.com,0
tankerenemy.com,0
nocensura.com,0
sapereeundovere.com,0
luogocomune.net/lc,0
disinformazione.it,0
centrometeoitaliano.it,0
informatitalia.blogspot.it,0
signoraggio.it,0
albainternazionale.blogspot.it,0
facebook.com/oggi24ore,0
facebook.com/scienza-di-confine-188189217954979,0
facebook.com/stopinvasioneclandestina,0
facebook.com/noncielodicono,0
facebook.com/robyfanpage.it/?ref=br_rs,0
facebook.com/sardegnatoday,0
facebook.com/sadefenza,0
twitter.com/radiosavana?ref_src=twsrc%5egoogle%7ctwcamp%5eserp%7ctwgr%5eauthor,0
facebook.com/quello-che-non-ci-dicono-107884204213182,0
facebook.com/websocialtv,0
twitter.com/socialtvntw,0
anno3000.altervista.org,0
corrieredelcorsaro.it,0
gazzettadellasera.com,0
gazzettinoweb.altervista.org,0
ilcazzoquotidiano.altervista.org/blog,0
notiziepericolose.blogspot.com,0
facebook.com/ilfalloquotidiano,0
ilgiornaliere.com,0
ilgiomale.it,0
inews24.it,0
ioco.altervista.org,0
lavocea5stelle.altervista.org,0
liberogiornale.it,0
news24roma.altervista.org,0
news24tg.com,0
news24europa.com,0
notiziea5stelle.com,0
panorana.it,0
paperera.com,0
sky24ore.it,0
strafattiquotidiani.wordpress.com,0
ilgiornaledeiticinesi.info,1
lercio.it,1
ticinoinforna.com,1
twitter.com/cbugliano,1
twitter.com/vigilevittorino,1
theonion.com,1
aceflashman.wordpress.com,1
actualidadpanamericana.com,1
awazetribune.com,1
brokenworldnews.com,1
callthecops.net,1
chronicle.su,1
dailydiscord.com,1
dailysnark.com,1
dailysquib.co.uk,1
diversitychronicle.wordpress.com,1
duffelblog.com,1
elkoshary.com,1
elmundotoday.com,1
fognews.ru,1
freedumjunkshun.com,1
fridaymash.com,1
halfwaypost.com,1
holyobserver.com,1
islamicanews.com,1
liberalbias.com,1
lushforlife.com,1
newsbreakers.org,1
newstoad.net,1
objectiveministries.org,1
patriotnewsdaily.com,1
politicalgarbagechute.com,1
satirewire.com,1
sensationalisttimes.com,1
sportspickle.com,1
stneotscitizen.com,1
thedailymash.co.uk,1
thedailywtf.com,1
thelapine.ca,1
thepeoplescube.com,1
theskunk.org,1
theunrealtimes.com,1
trumpbetrayed.us,1
unconfirmedsources.com,1
waterfordwhispersnews.com,1
wearethellod.com,1
williambanzai7.blogspot.com,1
wonkie.com,1
amplifyingglass.com,1
duffleblog.com,1
gomerblog.com,1
nahadaily.com,1
rockcitytimes.com,1
thespoof.com,1
alternativelyfacts.com,1
alternative-science.com,1
babylonbee.com,1
bluenewsnetwork.com,1
breakingburgh.com,1
bullshitnews.org,1
bustatroll.org,1
confederacyofdrones.com,1
cracked.com,1
dailyworldupdate.us,1
eveningharold.com,1
flake.news,1
fmobserver.com,1
frankmag.ca,1
freedomcrossroads.com,1
genesiustimes.com,1
gishgallop.com,1
harddawn.com,1
imao.us,1
infobattle.org,1
larknews.com,1
legorafi.fr,1
madhousemagazine.com,1
mcsweeneys.net,1
moronmajority.com,1
newsthump.com,1
npcdaily.com,1
prettycoolsite.com,1
potatriotsunite.com,1
realrawnews.com,1
reductress.com,1
sanctumnews.com,1
satirev.org,1
schmedium.org,1
southendnewsnetwork.net,1
stiltonsplace.blogspot.com,1
stubhillnews.com,1
suffolkgazette.com,1
sundaysportonline.co.uk,1
thatsprettygoodscience.com,1
atlbanana.com,1
thebeaverton.com,1
chaser.com.au,1
thedailymire.com,1
thehardtimes.net,1
themideastbeast.com,1
theredshtick.com,1
thesciencepost.com,1
theshovel.com.au,1
thereisnews.com,1
tittletattle365.com,1
truthbrary.org,1
wokennews.com,1
beehivebugle.com,1
borowitzreport.com,1
bostontribune.com,1
crystalair.com,1
dailyleak.org,1
dandygoat.com,1
der-postillon.com,1
freepatriot.org,1
glossynews.com,1
humortimes.com,1
ironictimes.com,1
johnnyrobish.com,1
landoverbaptist.org,1
newyorker.com/humor,1
religionlo.com,1
scrappleface.com,1
speld.nl,1
surrealscoop.com,1
theineptowl.com,1
themadisonmisnomer.com,1
thestatelyharold.com,1
thetimesoftheworld.com,1
topekasnews.com,1
winkprogress.com,1
wundergroundmusic.com,1
bbspot.com,0
betootaadvocate.com,0
collegehumor.com,0
dailybuzzlive.com,0
dailycurrant.com,0
empirenews.net,0
empiresports.co,0
freewoodpost.com,0
huzlers.com,0
journaldemourreal.com,0
lightlybraisedturnip.com,0
en.mediamass.net,0
nationalreport.net,0
newsexaminer.net,0
newyorker.com/humor/borowitz-report,0
thenewsnerd.com,0
thepoke.co.uk,0
weeklyworldnews.com,0
12minutos.com,0
16wmpo.com,0
20minutenews.com,0
247newsmedia.com,0
24aktuelles.com,0
24online.news,0
24usainfo.com,0
24wpn.com,0
abcnews.com.co,0
actualite.co,0
actualites.co,0
adobochronicles.com,0
alabamaobserver.com,0
aldipest.com,0
alertchild.com,0
alynews.com,0
americafans.com,0
americanflare.com,0
americanflavor.news,0
americanjournalreview.com,0
americanpeoplenetwork.com,0
americanpoliticnews.co,0
americanpresident.co,0
americanprides.com,0
americasnewest.com,0
amposts.com,0
anews-24.com,0
anews24.org,0
angrypatriotmovement.com,0
anonjekloy.tk,0
areyouasleep.com,0
asamericanasapplepie.org,0
associatedmediacoverage.com,0
aurora-news.us,0
badcriminals.com,0
baldwinpost.com,0
baltimoregazette.com,0
battypost.com,0
bb4sp.com,0
beforeitsnews.com,0
belgique.actualites.co,0
bients.com,0
bigbluevision.org,0
bignuggetnews.com,0
bizstandardnews.com,0
bluevision.news,0
bluevisionpost.com,0
borderherald.com,0
bostonleader.com,0
breakingtop.world,0
burrardstreetjournal.com,0
butthatsnoneofmybusiness.com,0
buzzfeedusa.com,0
cartelpress.com,0
cartelreport.com,0
celebtricity.com,0
channel16news.com,0
channel17news.com,0
channel18news.com,0
channel22news.com,0
channel23news.com,0
channel28news.com,0
channel34news.com,0
channel45news.com,0
channel5000.com,0
choiceandtruth.com,0
christiantimesnewspaper.com,0
christiantoday.info,0
chuckcallesto.blogspot.com,0
civictribune.com,0
clancyreport.com,0
clashdaily.com,0
clear-politics.com,0
cnn.com.de,0
cnnews3.com,0
consciouslyenlightened.com,0
conservativearmy88.com,0
conservativedailypost.com,0
conservativeflashnews.com,0
conservativeinfocorner.com,0
conservativeinsider.co,0
conservativespirit.com,0
conservativestudio.com,0
consnation.com,0
cooltobeconservative.com,0
daily-sun.com,0
dailyfinesser.com,0
dailyinfobox.com,0
dailyinsidernews.com,0
dailynews10.com,0
dailynews11.com,0
dailynews3.com,0
dailynews33.com,0
dailynews5.com,0
dailynewsposts.info,0
dailyoccupation.com,0
dailypresser.com,0
dailysurge.com,0
dailyusaupdate.com,0
damnleaks.com,0
democraticmoms.com,0
denverguardian.com,0
denverinquirer.com,0
departed.co,0
departedmedia.com,0
dineal.com,0
disclose.tv,0
diyhours.net,0
donaldtrumpnews.co,0
donaldtrumppotus45.com,0
drugsofficial.com,0
embols.com,0
empireherald.com,0
en-volve.com,0
endingthefed.com,0
enhlive.com,0
everydaybreakingnews.com,0
everynewshere.com,0
famousviralstories.com,0
fanzinger.com,0
federalistnation.com,0
federalisttribune.com,0
fedsalert.com,0
flashinfo.org,0
flashnewscorner.com,0
floridasunpost.com,0
focusnews.info,0
folksvideo.com,0
fox-news24.com,0
france.actualites.co,0
freddymag.com,0
freedomcrossroads.us,0
freedomdaily.com,0
freedomsfinalstand.com,0
freshdailyreport.com,0
friendsofsyria.wordpress.com,0
givemeliberty01.com,0
globalassociatednews.com,0
globalpoliticsnow.com,0
greenvillegazette.com,0
guerilla.news,0
guerillanews.com,0
gummypost.com,0
halturnershow.com,0
headlinebrief.com,0
healthyworldhouse.com,0
heaviermetal.net,0
hotglobalnews.com,0
houstonchronicle-tv.com,0
ilovemyfreedom.org,0
interestingdailynews.com,0
intrendtoday.com,0
ipatriot.com,0
isthatlegit.com,0
jokerviral.com,0
kata33.com,0
klponews.com,0
km8news.com,0
kmt11.com,0
knp7.com,0
konkonsagh.biz,0
krbcnews.com,0
kspm33.com,0
kupr7.com,0
ky12news.com,0
ky6news.com,0
kypo6.com,0
ladylibertysnews.com,0
landrypost.com,0
lastdeplorables.com,0
liberalplug.com,0
liberty-courier.com,0
libertyalliance.com,0
libertywritersnews.com,0
local31news.com,0
localnews33.com,0
londonwebnews.com,0
lopezreport.com,0
madworldnews.com,0
mainerepublicemailalert.com,0
majorthoughts.com,0
maywoodpost.com,0
mbynews.com,0
mckenziepost.com,0
mediazone.news,0
metropolitanworlds.com,0
mississippiherald.com,0
morningnewsusa.com,0
mrnewswatch.com,0
msfanpage.link,0
msnbc.website,0
nationalinsiderpolitics.com,0
nbc.com.co,0
ncscooper.com,0
neonnettle.com,0
nephef.com,0
nevo.news,0
newpoliticstoday.com,0
news14kgpn.com,0
news14now.com,0
news4ktla.com,0
newsbiscuit.com,0
newsbreakingspipe.com,0
newsbreakshere.com,0
newsbuzzdaily.com,0
newsbysquad.com,0
newsdaily10.com,0
newsdaily12.com,0
newsdaily27.com,0
newsfeedhunter.com,0
newsfeedobserver.com,0
newshubs.info,0
newsjustforyou1.blogspot.com,0
newsleak.co,0
newslo.com,0
newsnow17.com,0
newswatch33.com,0
newzmagazine.com,0
notallowedto.com,0
noticias365.info,0
now8news.com,0
nymeta.co,0
occupydemocrats.com,0
onepoliticalplaza.com,0
openmagazines.com,0
oreillypost.com,0
ourlandofthefree.com,0
paris.actualites.co,0
patriothangout.com,0
persecutes.com,0
politicops.com,0
politicot.com,0
politicsusanews.com,0
powerdaily.us,0
president45donaldtrump.com,0
pressunion.org,0
prntly.com,0
proudleader.com,0
qualitysharing.com,0
react365.com,0
readconservatives.news,0
realnewsrightnow.com,0
redcountry.us,0
redinfo.us,0
redrocktribune.com,0
redstatewatcher.com,0
religionmind.com,0
rickwells.us,0
rilenews.com,0
rogue-nation3.com,0
rumorjournal.com,0
satiratribune.com,0
scrapetv.com,0
smhwtfnews.com,0
snoopack.com,0
socialeverythings.com,0
southernconservativeextra.com,0
spinzon.com,0
statenation.co,0
states-tv.com,0
stgeorgegazette.com,0
straightstoned.com,0
stuppid.com,0
success-street.com,0
supremepatriot.com,0
tdnewswire.com,0
tdtalliance.com,0
teddystick.com,0
telegraphsun.com,0
the-insider.co,0
the-postillon.com,0
theavocadonews.com,0
thebostontribune.com,0
thebreakingnews.co,0
theexaminer.site,0
thefrt.com,0
theinternationalreporter.org,0
theinternetpost.net,0
thelastlineofdefense.org,0
themoralofthestory.us,0
thenationalsun.com,0
thenet24h.com,0
thenewyorkevening.com,0
thenochill.com,0
thepoliticaltribune.com,0
thepremiumnews.com,0
theracketreport.com,0
thereporterz.com,0
therightists.com,0
theseattletribune.com,0
thetrumpmedia.com,0
theusa-news.com,0
theusaconservative.com,0
thevalleyreport.com,0
thewashingtonpress.com,0
times.com.mx,0
tmzbreaking.com,0
tmzbusiness.com,0
tmzcomedy.com,0
tmzhiphop.com,0
tmzuncut.com,0
tmzurban.com,0
tmzworldnews.com,0
tmzworldstarnews.com,0
trueamericans.me,0
truetrumpers.com,0
truthkings.com,0
undergroundnewsreport.com,0
unitedmediapublishing.com,0
universepolitics.com,0
usa-conservative.com,0
usa-radio.com,0
usa-television.com,0
usadailyinfo.com,0
usadailypost.us,0
usadailytime.com,0
usadosenews.com,0
usafirstinformation.com,0
usanews4u.us,0
usanewsflash.com,0
usanewshome.com,0
usanewstoday.com,0
usapolitics24hrs.com,0
usapoliticsnow.com,0
usapoliticstoday.com,0
usapoliticszone.com,0
usasnich.com,0
usatodaynews.me,0
usatodaypolitics.com,0
usaworldbox.com,0
ushealthyadvisor.com,0
ushealthylife.com,0
usherald.com,0
usinfonews.com,0
uspoln.com,0
uspostman.com,0
vesselnews.io,0
viralactions.com,0
viralcocaine.com,0
viralcords.com,0
viraldevil.com,0
viralmugshot.com,0
viralpropaganda.com,0
viralspeech.com,0
viralstuppid.com,0
voxtribune.com,0
washingtonevening.com,0
washingtonfeed.com,0
washingtonpost.com.co,0
wazanews.tk,0
wcpm3.com,0
weconservative.com,0
weekendherald.com,0
wetheproudpatriots.com,0
wftj8news.com,0
whatsupic.com,0
witscience.org,0
wleb21.com,0
wm21news.com,0
wmacnews.com,0
wmb36.com,0
world-politicus.com,0
worldinformation24.info,0
worldnewspolitics.com,0
worldpoliticsnow.com,0
worldpoliticus.com,0
wrejnews.com,0
wrpt16.com,0
wtoe5news.com,0
xbn-news.com,0
yesimright.com,0
zootfeed.com,0
24x365live.com,0
a-news24.com,0
americannews.com,0
americantoday.us,0
antinews.com,0
armyusanews.com,0
benjaminfulford.typepad.com,0
breakingnewsblast.com,0
cnewsgo.com,0
coffeebreakforyou.com,0
conservative101.com,0
conservativepaper.com,0
conservativeview.info,0
dailyfeed.news,0
dailysidnews.com,0
dailythings.world,0
defenseusa.club,0
democraticunderground.com,0
departedme.com,0
forfreedomworld.com,0
freeinfomedia.com,0
globalrevolutionnetwork.com,0
nativestuff.us,0
newsbreakhere.com,0
newsconservative.com,0
newsformetoday.com,0
newsoftrump.com,0
newsphd.com,0
newsuptoday.com,0
nnettle.com,0
patriotcrier.com,0
patriotusa.website,0
politicalmayhem.news,0
politicspaper.com,0
puppetstringnews.com,0
rearfront.com,0
redpolitics.us,0
revolutions2040.com,0
teoinfo.com,0
the-global-news.com,0
theworldupdate.com,0
thirdestatenewsgroup.com,0
ustruthwire.com,0
usa360-tv.com,0
usadailythings24.com,0
uspoliticsinfo.com,0
usasupreme.com,0
usaconservativereport.com,0
veteransfordonaldtrump.com,0
weekendpoliticalnews.com,0
whatdoesitmean.com,0
worldnewscircle.com,0
world.politics.com,0
worldtruth.tv,0
bitchute.com,0
databaseitalia.it,0
mariagrazias.com,0
musicaeanima.com,0
neovitruvian.com,0
summit.news,0
thelivingspirits.net,0
vigilantcitizen.com,0
zerohedge.com,0
aprilamente.info,0
disquisendo.wordpress.com,0
evidenzaliena.mastertopforum.eu,0
ecologiasociale.info,0
frasideilibri.com,0
ilmeteo.it,0
meteoweb.eu,0
nexusedizioni.it,0
nonsiamosoli.net,0
nogeoingegneria.com,0
pianetablunews.it,0
scienzaeconoscenza.it,0
livescience.com,0
0585news.com,0
100giornidaleoni.it,0
24orenotizie.com,0
5stellenews.com,0
agenews.eu,0
all-news.tv,0
allnews24.eu,0
attaccomirato.com,0
attivo.news,0
bastabugie.it,0
blognews24ore.com,0
borderlinez.com,0
buonamente.com,0
catenaumana.com,0
chesuccede.it,0
citymilanonews.com,0
comedonchisciotte.org,0
condividilo.org,0
controinformo.info,0
corrieredisera.it,0
curiosandoonline.com,0
detoxed.info,0
direttanews.it,0
divieto.reattivonews.com,0
essere-informati.it,0
eticamente.net,0
fenixx.org,0
funvideosonline.info,0
gazzetta24.com,0
gazzettanews24.com,0
giornale24ore.com,0
il-giornale.info,0
giornaleilsole.com,0
ilgiornaleitaliano.it,0
ilgiornalenews.com,0
globo365.info,0
grandeinganno.it,0
guarda.link,0
guarda.one,0
howtodofor.com,0
ilbellocheavanza.com,0
ilfarosulmondo.it,0
ilfattodalweb.com,0
ilmeglio-delweb.it,0
ilmondoquotidiano.altervista.org,0
ilmovimentovaavanti.altervista.org,0
ilnotiziario24.com,0
ilprimatonazionale.it,0
il-quotidiano.info,0
imigliori.info,0
imigliorivideo.co,0
informatitalia.blogspot.com,0
informazionelibera.eu,0
interagisco.net,0
italiani-informati.com,0
iozummo.com,0
italiainmovimento.it,0
italia.imigliori.org,0
italianotizie24.eu,0
italiapatriamia.eu,0
italianosveglia.com,0
italiarialzati.com,0
itruffatori.blogspot.com,0
jedanews.com,0
kevideo.eu,0
lacrunadellago.net,0
larepubbica.it,0
larepubblica.info,0
lastnews24h.com,0
last-webs.com,0
leggimiora.com,0
libero-notizie.com,0
linktoday.it,0
infiltrato.it,0
livewebit.com,0
lolandesevolante.net,0
lonesto.it,0
mattino.ch,0
messaggiero.com,0
mittdolcino.com,0
morasta.it,0
newscronaca.it,0
newsitalys.com,0
news24roma.com,0
news24italia.it,0
noinvasione.com,0
notixonline.com,0
notixweb.com,0
notizie24h.net,0
notizieflash.eu,0
notizieregionali.com,0
nobufale.it,0
notizie-dal-web.it,0
notizieuniversali.it,0
numero6.org,0
oggi24ore.altervista.org,0
ogginotizie.info,0
oltrelebarricate.wordpress.com,0
orazero.org,0
perdavvero.com,0
piovegovernoladro.info,0
politikstube.com,0
rainews24.live,0
raffaelepalermonews.com,0
rassegnastampa.eu,0
rassegneitalia.info,0
reattivonews.com,0
repubblica24.com,0
ribelli.tv,0
riscattonazionale.altervista.org,0
rischiocalcolato.it,0
rivoluzioneoraomaipiu.com,0
robadapazzi.com,0
saper-link-news.com,0
segretodistato.com,0
semplicipensieri.com,0
senzacensura.org,0
siamorimastisoli.com,0
silenziefalsita.it,0
skynew.it,0
skytg24news.com,0
socialbuzz.it,0
socialnotixweb.com,0
soloitaliani.com,0
sputtaniamotutti.reattivonews.org,0
stopeuro.org,0
succedenelmondo.com,0
supernotizie.net,0
thetonicexpress.com,0
tg24italia.com,0
tg-news24.com,0
tg-quotidiano.net,0
tgcom24news.com,0
ticinolive.ch,0
trend-online.com,0
tuttiicriminidegliimmigrati.com,0
tutto24.info,0
tuttoinweb.com,0
ultimora24.it,0
videoenotizie.it,0
videoviraliweb.com,0
vocedelweb.com,0
voxnews.online,0
web-news24.com,0
webitalia360.com,0
webtg24.com,0
wowchevideo.com,0
zapping2017.myblog.it,0
zonagrigianews.com,0
5ideeinmovimento.blogspot.it,0
attivistam5snews.blogspot.it,0
benitomussolini.altervista.org,0
blogdieles2.altervista.org,0
blogdieles.altervista.org,0
bloginmovimento.altervista.org,0
controinformo.altervista.org,0
corrieredelmattino.altervista.org,0
cvdiariodelpollinho.altervista.org,0
direttainfo.blogspot.it,0
direttanfo.blogspot.it,0
essenzialmentedonna.altervista.org,0
europeannews.altervista.org,0
facebooknotizia.altervista.org,0
ilmessagero.altervista.org,0
ilradicale.altervista.org,0
informazionebycuriosity.altervista.org,0
jedasupport.altervista.org,0
lacucinasiciliana.altervista.org,0
lapillolarossa15.altervista.org,0
newstime24.altervista.org,0
nessuna-censura.com,0
notiziaitalica.altervista.org,0
notiziarioeuropeo.altervista.org,0
politicanews.altervista.org,0
ripuliamolitalia.altervista.org,0
rollingston.altervista.org,0
sadefenza.blogspot.it,0
siamorimastisoli.today,0
tg24h.altervista.org,0
tg24notizie.altervista.org,0
webnotice.altervista.org,0
webnews24h.it,0
cosmofruttariano3m.altervista.org,0
curiosityalive.altervista.org,0
ecocreando.weebly.com,0
guarireoggi.blogspot.it,0
ingannati.it,0
ilrisvegliodellamente.altervista.org,0
paradisefruit.altervista.org,0
thecancermagazine.blogspot.it,0
realscience.altervista.org,0
thedayafter2012.blogspot.com,0
alleanzadellasalute.info,0
assis.it,0
benesserefeed.it,0
comilva.org,0
eurosalus.com,0
informasalus.it,0
laleva.org,0
nuovamedicinagermanica.it,0
mammainrete.blogspot.com,0
medicinenon.it,0
mednat.org,0
vacciniinforma.com,0
vivoinsalute.com,0
attiviamoci.org,0
conoscenzealconfine.it,0
complottisti.info,0
contro.tv,0
ecplanet.org,0
effervescienza.com,0
filosofiaelogos.it,0
hackthematrix.it,0
ilnavigatorecurioso.it,0
ilpuntosulmistero.it,0
libreidee.org,0
liberamenteservo.com,0
luogocomune.net,0
misteriditalia.it,0
nibiru2012.it,0
pandora.tv,0
terrarealtime.blogspot.com,0
toba60.com,0
ununiverso.it,0
21stcenturywire.com,0
4threvolutionarywar.wordpress.com,0
abovetopsecret.com,0
acting-man.com,0
activistpost.com,0
allnewspipeline.com,0
alt-market.com,0
americanfreepress.net,0
assassinationscience.com,0
awarenessact.com,0
awdnews.com,0
bighairynews.com,0
blackgenocide.org,0
canadafreepress.com,0
centerforsecuritypolicy.org,0
concisepolitics.com,0
conservativefiringline.com,0
conservativerefocus.com,0
corbettreport.com,0
countdowntozerotime.com,0
counterpsyops.com,0
cowgernation.com,0
cryptogon.com,0
dataasylum.com,0
davidwolfe.com,0
dcclothesline.com,0
debunkingskeptics.com,0
dont-tread-on.me,0
dutchsinse.com,0
educate-yourself.org,0
electionnightgatekeepers.com,0
endoftheamericandream.com,0
eutimes.net,0
experimentalvaccines.org,0
expose1933.com,0
eyeopening.info,0
farmwars.info,0
fellowshipoftheminds.com,0
freedomoutpost.com,0
freedomsphoenix.com,0
fromthetrenchesworldreport.com,0
gaia.com,0
gangstergovernment.com,0
gatesofvienna.net,0
geoengineeringwatch.org,0
globalresearch.ca,0
godlikeproductions.com,0
govtslaves.info,0
greanvillepost.com,0
hangthebankers.com,0
henrymakow.com,0
humansarefree.com,0
illuminati-news.com,0
infiniteunknown.net,0
informationclearinghouse.info,0
infostormer.com,0
infowars.com,0
intellihub.com,0
investmentresearchdynamics.com,0
jesus-is-savior.com,0
jihadwatch.org,0
jimstone.is,0
knowledgeoftoday.org,0
libertytalk.fm,0
libertyvideos.org,0
militianews.com,0
nationalufocenter.com,0
naturalblaze.com,0
newstarget.com,0
newswithviews.com,0
nomorefakenews.com,0
nowtheendbegins.com,0
off-guardian.org,0
offgridsurvival.com,0
oftwominds.com,0
orientalreview.org,0
patriotrising.com,0
patriotupdate.com,0
paulcraigroberts.org,0
platosguns.com,0
politicalcult.com,0
pravda.ru,0
pravdareport.com,0
prepperwebsite.com,0
prisonplanet.com,0
realfarmacy.com,0
rense.com,0
rumormillnews.com,0
sheepkillers.com,0
silverbearcafe.com,0
silverdoctors.com,0
silverstealers.net,0
skeptiko.com,0
sonsoflibertyradio.com,0
thecommonsenseshow.com,0
thedailysheeple.com,0
theeconomiccollapseblog.com,0
theeventchronicle.com,0
thefederalistpapers.org,0
thefreethoughtproject.com,0
thegatewaypundit.com,0
thelibertybeacon.com,0
thelibertymill.com,0
themindunleashed.com,0
themindunleashed.org,0
themuslimissue.wordpress.com,0
thephaser.com,0
thepoliticalinsider.com,0
thetruthseeker.co.uk,0
thetruthwins.com,0
threepercenternation.com,0
topinfopost.com,0
truthandaction.org,0
ufoholic.com,0
undergroundworldnews.com,0
uschronicle.com,0
wakeupthesheep.com,0
washingtonsblog.com,0
wearechange.org,0
weshapelife.org,0
whatreallyhappened.com,0
whowhatwhy.org,0
wikispooks.com,0
x22report.com,0
82.221.129.208,0
abeldanger.net,0
americanreviewer.com,0
bullionbullscanada.com,0
conspiracyplanet.com,0
conspiracywire.com,0
disclosuremedia.net,0
ebolahoax.com,0
familysecuritymatters.org,0
fourwinds10.net,0
fprnradio.com,0
freedomforceinternational.com,0
itccs.org,0
jonesreport.com,0
libertymovementradio.com,0
nasamoonhoax.com,0
nationindistress.weebly.com,0
nodisinfo.com,0
oilgeopolitics.net,0
pamelageller.com,0
politicalblindspot.com,0
prisonplanet.tv,0
secretsofthefed.com,0
sentinelblog.com,0
shoebat.com,0
silver-coin-investor.com,0
theextinctionprotocol.com,0
theforbiddenknowledge.com,0
truthbroadcastnetwork.com,0
truthfrequencyradio.com,0
wakingupwisconsin.com,0
willyloman.wordpress.com,0
accademiadellaliberta.blogspot.it,0
alcyonpleiadi.blogspot.it,0
altrarealta.blogspot.it,0
appunti2008.blogspot.it,0
aurorasito.wordpress.com,0
compressamente.blogspot.it,0
controinformoblog.altervista.org,0
cortesovrana.it,0
delta-leveritanascoste.blogspot.it,0
freeondarevolution.blogspot.it,0
ilnuovomondodanielereale.blogspot.it,0
ilsapereepotere.blogspot.it,0
ilsapereepotere2.blogspot.com,0
jhwhinri.blogspot.it,0
laveritadininconaco.altervista.org,0
madreterra.myblog.it,0
mondonews1.blogspot.it,0
neovitruvian.wordpress.com,0
notiziedalpopolo.altervista.org,0
nwonuovoordinemondiale.wordpress.com,0
olivieromannucci.blogspot.it,0
paoloferrarocdd.blogspot.it,0
pianetax.wordpress.com,0
presadicoscienza.altervista.org,0
questaitalia.wordpress.com,0
raggioindaco.wordpress.com,0
sitoaurora.wordpress.com,0
sulatestagiannilannes.blogspot.com,0
tankerenemymeteo.blogspot.it,0
terrarealtime2.blogspot.com,0
ununiverso.altervista.org,0
veritanwo.altervista.org,0
younetspiegalevele.altervista.org,0
wwwblogdicristian.blogspot.it,0
aattp.org,1
abncnews.com,1
act.tv,1
againstcronycapitalism.org,1
alexanderhiggins.com,1
alexpoucher.com,1
alternet.org,1
americannewsx.com,1
anotherdayintheempire.com,1
attn.com,1
beingliberal.org,1
billmoyers.com,1
blue-route.org,1
bluetribune.com,1
c4ss.org,1
consortiumnews.com,1
counterinformation.wordpress.com,1
counterpropa.com,1
counterpunch.com,1
counterpunch.org,1
crooksandliars.com,1
dailygotham.com,1
dailynewsbin.com,1
deadstate.org,1
democracyjournal.org,1
democraticreview.com,1
democratizeus.com,1
demos.org,1
dieharddemocrat.com,1
dissent.tv,1
dissentmagazine.org,1
economyincrisis.org,1
egbertowillies.com,1
equalvoiceforfamilies.org,1
everydayfeminism.com,1
fair.org,1
feministe.us,1
feministing.com,1
forwardprogressives.com,1
freakoutnation.com,1
glennbeckunhinged.com,1
gopocalypse.org,1
inthesetimes.com,1
itsgoingdown.org,1
jacobinmag.com,1
joemygod.com,1
juancole.com,1
justicewriters.com,1
latinorebels.com,1
leanleft.com,1
leftliberal.com,1
leftscoop.com,1
leftsideofhistory.com,1
leftwingnation.org,1
liberalmountain.com,1
liberalsociety.com,1
lidblog.com,1
mediamatters.org,1
michaelmoore.com,1
mintpressnews.com,1
modernliberals.com,1
moonofalabama.org,1
motherjones.com,1
msnbc.com,1
nationalmemo.com,1
nationofchange.org,1
newpol.org,1
news.groopspeak.com,1
newscorpse.com,1
newshounds.us,1
occupy.com,1
offthemainpage.com,1
oliverwillis.com,1
opednews.com,1
oppositionreport.com,1
palmerreport.com,1
politicaldig.com,1
politicalupdater.com,1
politicalwire.com,1
progressive.org,1
progressiveliberal.net,1
prospect.org,1
proudemocrat.com,1
rawprogressive.com,1
realprogressivesusa.com,1
rebelpundit.com,1
reclaimdemocracy.org,1
resistancereport.com,1
resistmedia.org,1
restoreamericanglory.com,1
revcom.us,1
reverbpress.com,1
rewire.news,1
rightwingwatch.org,1
rinf.com,1
salon.com,1
samuel-warde.com,1
secondnexus.com,1
shadowproof.com,1
smirkingchimp.com,1
sourceplanet.net,1
talkingpointsmemo.com,1
talkleft.com,1
thedailybanter.com,1
theimmoralminority.blogspot.ca,1
theleftcoaster.com,1
thenation.com,1
thenewcivilrightsmovement.com,1
thepeoplesview.net,1
thepoliticalorder.com,1
thepoliticalvoice.com,1
thepopulist.buzz,1
therealnews.com,1
thinkprogress.org,1
tomdispatch.com,1
towleroad.com,1
trofire.com,1
truth-out.org,1
truthdig.com,1
truthexaminer.com,1
tytnetwork.com,1
upworthy.com,1
usaonlinetoday.com,1
voices4hillary.com,1
warisacrime.org,1
washingtonjournal.com,1
washingtonmonthly.com,1
winningdemocrats.com,1
wonkette.com,1
yesmagazine.org,1
youngprogressivevoices.com,1
zcomm.org/zmag,1
achnews.org,1
aftonbladet.se,1
aldianews.com,1
afj.org,1
allthatsfab.com,1
altnews.in,1
aidc.org.za,1
americanbridgepac.org,1
americanoversight.org,1
au.org,1
angrywhitemen.org,1
antifascistnews.net,1
attackthesystem.com,1
autostraddle.com,1
citypaper.com,1
ebar.com,1
themaven.net,1
bitchmedia.org,1
blackamericaweb.com,1
blacklivesmatter.com,1
blackmainstreet.net,1
bluestatedaily.com,1
boingboing.net,1
bostonreview.net,1
bust.com,1
calltoactivism.com,1
canadafactcheck.ca,1
canadiandimension.com,1
capitalandmain.com,1
care2.com,1
ceasefiremagazine.co.uk,1
americanprogress.org,1
prwatch.org,1
change.org,1
chicagoreader.com,1
chicagoreporter.com,1
china.org.cn,1
citizencritics.org,1
cnn.com,1
codepink.org,1
colorlines.com,1
columbusfreepress.com,1
comicsands.com,1
communemag.com,1
copblock.org,1
cosmopolitan.com,1
crikey.com.au,1
crimethinc.com,1
crooked.com,1
currentaffairs.org,1
curvemag.com,1
thedailybeast.com,1
dailydot.com,1
dailyrecord.co.uk,1
dailysoundandfury.com,1
dallasvoice.com,1
deadspin.com,1
deepsouthvoice.com,1
deepstatenation.com,1
democracychronicles.org,1
democracyguardian.com,1
democracynow.org,1
deshabhimani.com,1
desmogblog.com,1
metrotimes.com,1
drudge.com,1
earthfirstjournal.org,1
ecowatch.com,1
electoral-vote.com,1
electronicintifada.net,1
elitedaily.com,1
elle.com,1
esquire.com,1
evonomics.com,1
extranewsfeed.com,1
feministcurrent.com,1
thefifthcolumnnews.com,1
fifthestate.org,1
finnishnews.fi,1
foodandwaterwatch.org,1
foreignpolicyjournal.com,1
foreignpolicynews.org,1
freepress.org,1
frnewsreport.com,1
ffrf.org,1
freedomnews.org.uk,1
frontpagelive.com,1
freespeech.org,1
geopoliticsalert.com,1
gizmodo.com,1
glaad.org,1
globalvoices.org,1
good.is,1
gq.com,1
bradford-delong.com,1
greenleft.org.au,1
gritpost.com,1
guardianlv.com,1
theguardiansofdemocracy.com,1
haaretz.com,1
hillreporter.com,1
huffingtonpost.com,1
hrc.org,1
marxist.com,1
ir.net,1
inequalitymedia.org,1
ips-dc.org,1
internationalviewpoint.org,1
intrepidreport.com,1
iowacapitaldispatch.com,1
iowastartingline.com,1
jezebel.com,1
joebiden.com,1
latest.com,1
lavendermagazine.com,1
laweekly.com,1
leftfootforward.org,1
leftoverrights.com,1
leftvoice.org,1
lgbtqnation.com,1
libcom.org,1
liberalamerica.life,1
liberalexaminer.com,1
liberationnews.org,1
littlegreenfootballs.com,1
mashable.com,1
mediaite.com,1
meduza.io,1
meidastouch.com,1
merryjane.com,1
miaminewtimes.com,1
middleeastmonitor.com,1
molad.org,1
monthlyreview.org,1
msmagazine.com,1
naacp.org,1
nrdc.org,1
ncpolicywatch.com,1
newint.org,1
newrepublic.com,1
newstatesman.com,1
amsterdamnews.com,1
nymag.com,1
newyorker.com,1
newsone.com,1
north99.org,1
nowtoronto.com,1
onegreenplanet.org,1
opensocietyfoundations.org,1
out.com,1
pastemagazine.com,1
peacock-panache.com,1
penncapital-star.com,1
pfaw.org,1
people.com,1
photographyisnotacrime.com,1
pinknews.co.uk,1
politicaltribune.org,1
politizoom.com,1
popular.info,1
popularresistance.org,1
pressprogress.ca,1
progressivearmy.com,1
boldprogressives.org,1
projectcensored.org,1
queerty.com,1
rabble.ca,1
rantt.com,1
rappler.com,1
readersupportednews.org,1
readingthepictures.org,1
redpepper.org.uk,1
redyouth.org,1
refinery29.com,1
republicanssucks.org,1
republicreport.org,1
resilience.org,1
rollingstone.com,1
sfbayview.com,1
scarymommy.com,1
seventeen.com,1
shondaland.com,1
slate.com,1
readsludge.com,1
worldsocialism.org,1
socialistworker.org,1
sourcepolitics.com,1
sourcewatch.org,1
splcenter.org,1
splinternews.com,1
stpete4peace.org,1
syriana-analysis.com,1
takepart.com,1
teenvogue.com,1
19thnews.org,1
advocate.com,1
americanindependent.com,1
austinchronicle.com,1
theburningspear.com,1
thecanary.co,1
climaterealityproject.org,1
thecut.com,1
daily49er.com,1
the-daily.buzz,1
dailyposter.com,1
thedailyvox.co.za,1
democratichub.com,1
thedodo.com,1
dworkinreport.com,1
theestablishment.co,1
thefloridasqueeze.com,1
ghionjournal.com,1
theimproper.com,1
indypendent.org,1
theintellectualist.co,1
thelily.com,1
thelondoneconomic.com,1
themarysue.com,1
themilitant.com,1
themonthly.com.au,1
morningstaronline.co.uk,1
theoutline.com,1
palestinechronicle.com,1
phnompenhpost.com,1
progressivefrontier.com,1
samefacts.com,1
theroot.com,1
thelasource.com,1
thesternfacts.com,1
thestranger.com,1
texasobserver.org,1
villagevoice.com,1
thewalrus.ca,1
washingtonspectator.org,1
theweek.com,1
worldcantwait.net,1
thegrio.com,1
thisisthezerohour.com,1
them.us,1
theoswatch.com,1
this.org,1
treehugger.com,1
truthout.org,1
truththeory.com,1
unicornriot.ninja,1
uproxx.com,1
vanityfair.com,1
verifiedpolitics.com,1
vermontindependent.org,1
verrit.com,1
viraltitle.com,1
vote.us.org,1
vox.com,1
washingtonbabylon.com,1
washingtondailywire.com,1
washingtonpress.com,1
washingtonsources.org,1
washingtonian.com,1
wearyourvoicemag.com,1
wehuntedthemammoth.com,1
whitehousewatch.com,1
workers.org,1
wsws.org,1
yourblackworld.net,1
zcomm.org,1
24dailynew.com,1
24usnews.com,1
63red.com,1
aclj.org,1
aei.org,1
afr.net,1
aim.org,1
aina.org,1
allenbwest.com,1
allenwestrepublic.com,1
allpoliticalnews.com,1
altdrudge.com,1
americanconservativeherald.com,1
americandailypatriot.com,1
americanfreedomblog.com,1
americanlens.com,1
americanpoliticnews.com,1
americantruepatriots.com,1
americanupdate.com,1
americauncensored.com,1
americauncensored.net,1
americonnews.com,1
amgreatness.com,1
analogpolitics.com,1
angelagrahamwest.org,1
animeright.news,1
anncoulter.com,1
arcmedia.org,1
barbwire.com,1
bearingarms.com,1
behindthetyranny.com,1
bizpacreview.com,1
blackandblondemedia.com,1
blacklivesmatterexposed.com,1
blogslucianneloves.com,1
bloodyrubbish.com,1
bluedimension.us,1
bluelivesmatter.blue,1
bookwormroom.com,1
borntoberight.com,1
bulletsfirst.net,1
christianfightback.com,1
citizenfreepress.com,1
citizensfortrump.com,1
citizensunited.org,1
comicallyincorrect.com,1
commentarymagazine.com,1
committeetodefendthepresident.com,1
consamerica.com,1
conservativeclub.net,1
conservativeconstitutionalists.com,1
conservativedailyreview.com,1
conservativedeplorable.com,1
conservativehq.com,1
conservativeintel.com,1
conservativenews.com,1
conservativepressnetwork.com,1
conservativereview.com,1
conservativerevival.com,1
conservatives4palin.com,1
conservativeshere.com,1
conservativetribune.com,1
conservativevideos.com,1
conservativeworlddaily.com,1
conservly.com,1
consjournal.com,1
conspatriot.com,1
constitution.com,1
controversialtimes.com,1
cosmo-politics.com,1
counter-currents.com,1
craigjames.com,1
crtv.com,1
cscmediagroupus.com,1
cynthiafarahat.com,1
dailyherald.news,1
dailyinfo.co,1
dailynews24-7.com,1
dailynewscycle.com,1
dailynewshouse.com,1
dailynewspolitic.com,1
dailysignal.com,1
danaloeschradio.com,1
dcstatesman.com,1
dcwhispers.com,1
defund.com,1
deneenborelli.com,1
dennismichaellynch.com,1
donaldtrumpnews.net,1
drudgereport.com,1
everydaynews.us,1
excaliburreport.com,1
faithfamilyamerica.com,1
federalistpress.com,1
fightingfortrump.com,1
fixthisnation.com,1
foramerica.org,1
foundingbloggers.com,1
foxnews.com,1
freebeacon.com,1
freedomfirst.news,1
freedomforce.com,1
freepatriotpost.com,1
fury.news,1
futureinamerica.com,1
globalinfotoday.com,1
goppresidential.com,1
gotnews.com,1
guerrilla.news,1
hillary4prisoner.com,1
hillarydaily.com,1
hotair.com,1
hudson.org,1
hughhewitt.com,1
humanevents.com,1
ih8hillary.com,1
ihavethetruth.com,1
ijr.com,1
informedowners.com,1
instaworldnews.com,1
iotwreport.com,1
jamieglazov.com,1
janmorganmedia.com,1
jookos.com,1
knoxreport.com,1
lauraingraham.com,1
legalinsurrection.com,1
lettucetalkaboutit.com,1
libertyfederation.com,1
libertyisviral.com,1
libertyjuice.com,1
libertyunyielding.com,1
libertyviral.com,1
lonelyconservative.com,1
loudobbs.com,1
makeamericagreattoday.com,1
marklevinshow.com,1
marksteyn.com,1
menrec.com,1
michellemalkin.com,1
minutemennews.com,1
mrc.org,1
mrcblog.com,1
mrctv.org,1
nationalreview.com,1
newcriterion.com,1
newobserveronline.com,1
news-4.us,1
newsbusters.org,1
newscrap.org,1
newsdiscoverer.com,1
newsflashonline.info,1
newsleaks.co,1
newsninja2012.com,1
newzeal.blogspot.com,1
nextnewsnetwork.com,1
nutbarfactor.com,1
nysun.com,1
oann.com,1
offthewire.com,1
patdollard.com,1
patriot.tv,1
patriotbeacon.com,1
patrioticfolks.com,1
patriotjournal.com,1
patriotoutdoornews.com,1
patriotpost.us,1
patriotreporting.com,1
patriotretort.com,1
patriottribune.com,1
politcalnews4you.com,1
politicalalley.com,1
politicalillusionsexposed.com,1
politicalinbox.com,1
politicaljungle.net,1
politicaloutcast.com,1
politicalpool.com,1
politichicks.com,1
powerlineblog.com,1
progressivestoday.com,1
proud-patriots.com,1
quinhillyer.com,1
rare.us,1
readmeeveryday.com,1
realclearpolitics.com,1
redalertpolitics.com,1
redbox.news,1
redconservativeclub.com,1
redherald.com,1
redhotconservative.com,1
rednationrising.us,1
rednationweekly.com,1
rednecknewswire.com,1
redpeople.us,1
redrightrepublic.com,1
redstatepundit.com,1
redwhiteandright.com,1
refinedright.com,1
regated.com,1
revealingpolitics.com,1
reviveusa.com,1
rightbias.com,1
rightedition.com,1
rightforever.com,1
rightpundits.com,1
rightsidenews.com,1
rightvoicemedia.com,1
savingourfuture.com,1
secretnewsusa.com,1
sgsnews.com,1
shark-tank.com,1
sharpelbowsstl.blogspot.ca,1
silenceisconsent.net,1
sistertoldjah.com,1
skepchick.org,1
sourcesnews.com,1
spartareport.com,1
spectator.org,1
stacyontheright.com,1
stridentconservative.com,1
tammybruce.com,1
teapartytribune.com,1
theamericancause.org,1
theamericanconservative.com,1
thecollegefix.com,1
theconservativemonitor.com,1
theconservativerepublic.com,1
thedailydeplorables.com,1
thedailynewsbox.com,1
thedailypatriots.com,1
thedeplorablearmy.com,1
thegoldwater.com,1
thenewamerican.com,1
thenewscommenter.com,1
thenewsdoctors.com,1
thepoliticalherald.com,1
therealside.com,1
therebel.media,1
therepublicannews.net,1
thestarchronicle.com,1
thinkrightpolitics.com,1
tmn.today,1
to-day-news-24.com,1
topallnew.com,1
toprightnews.com,1
topsecretinfodump.com,1
topsecretinfoexposed.com,1
topsecretleaks.com,1
totalconservative.com,1
totalworldnews.com,1
tothedeathmedia.com,1
triadconservative.com,1
trpolitics.com,1
truedaily.news,1
trumpers.online,1
truthfeed.com,1
truthmonitor.com,1
truthrevolt.org,1
uconservative.net,1
ufpnews.com,1
unhyphenatedamerica.org,1
unionleader.com,1
usadailynews24.com,1
usadailyreports.com,1
usaelectionsnews.com,1
usahealthylife.com,1
usainfonews.com,1
usanewsoftheday.org,1
usapubliclife.com,1
usarelated.com,1
usaviralpolitics.com,1
usconservative.com,1
usjournalreview.com,1
usnewz24.com,1
uspoliticsinsider.com,1
utnews.info,1
vanguardofliberty.org,1
victoriajackson.com,1
viraldeplorables.com,1
viralhubbub.com,1
viralpatriot.com,1
viralpatriots.com,1
visiontoamerica.com,1
washingtonexaminer.com,1
westernjournalism.com,1
westsentinel.com,1
wethepeoplefree.com,1
worlddailyonline.com,1
worldnewsandrumors.space,1
youngcons.com,1
2ndvote.com,1
abort73.com,1
acculturated.com,1
academia.org,1
ac2news.com,1
albertapressleader.ca,1
altnewsmedia.net,1
amac.us,1
a1apac.org,1
americarisingpac.org,1
americanconsequences.com,1
americansforprosperity.org,1
afpc.org,1
alec.org,1
americanlibertyreport.com,1
amimagazine.org,1
ammoland.com,1
aa.com.tr,1
arizonadailyindependent.com,1
armstrongeconomics.com,1
asiannews.it,1
axiomnewsnetwork.com,1
badgerinstitute.org,1
beliefnet.com,1
blabber.buzz,1
boundingintocomics.com,1
brexitcentral.com,1
buzzsawpolitics.com,1
c2cjournal.ca,1
calgarysun.com,1
ca-political.com,1
campaignlifecoalition.com,1
campusreform.org,1
capitalresearch.org,1
freedomandprosperity.org,1
americanexperiment.org,1
cc.org,1
christianheadlines.com,1
christiannewsalerts.com,1
christianpost.com,1
christiantoday.com,1
chroniclesmagazine.org,1
cagw.org,1
city-journal.org,1
nccivitas.org,1
claremont.org,1
colddeadhands.us,1
commdiginews.com,1
conservativebase.com,1
conservativehome.com,1
conservativeinstitute.org,1
conservativeopinion.com,1
conservativetoday.com,1
crimeresearch.org,1
crisismagazine.com,1
thedailyliberator.com,1
telegraph.co.uk,1
dangerous.com,1
dailytorch.com,1
telegraaf.nl,1
disrn.com,1
dmlnews.com,1
donaldjtrump.com,1
eagleactionreport.com,1
epnewsleader.com,1
economicpolicyjournal.com,1
egypttoday.com,1
energycitizens.org,1
erlc.com,1
factsandlogic.org,1
faithwire.com,1
fakehatecrimes.org,1
farleftwatch.com,1
fedsoc.org,1
firstinfreedomdaily.com,1
firstthings.com,1
defenddemocracy.org,1
ff.org,1
getreligion.org,1
gopusa.com,1
g-a-i.org,1
news.grabien.com,1
greatamericanpolitics.com,1
order-order.com,1
heritage.org,1
hermancain.com,1
hurriyet.com.tr,1
hurriyetdailynews.com,1
ibleedredwhiteblue.com,1
illinoispolicy.org,1
imprimis.hillsdale.edu,1
iwf.org,1
influencewatch.org,1
ifstudies.org,1
intellectualtakeout.org,1
investors.com,1
israelhayom.com,1
issuesinsights.com,1
jewishpolicycenter.org,1
jewishworldreview.com,1
judicialnetwork.com,1
justthenews.com,1
kansaspolicy.org,1
lawenforcementtoday.com,1
libertyheadlines.com,1
libertynation.com,1
fightpp.org,1
loneconservative.com,1
lozierinstitute.org,1
manhattan-institute.org,1
mediacircus.com,1
mediaequalizer.com,1
mercatornet.com,1
milliyet.com.tr,1
theminnesotasun.com,1
mises.org,1
ncregister.com,1
nationalcenter.org,1
nfrw.org,1
newbostonpost.com,1
notliberal.com,1
notthebee.com,1
nraila.org,1
ntknetwork.com,1
numbersusa.com,1
oneangrygamer.net,1
onenewsnow.com,1
ontarioproud.ca,1
opslens.com,1
outkick.com,1
panampost.com,1
pantsonfirenews.com,1
patriotnewsalerts.com,1
pluralist.com,1
politicalite.com,1
politifeed.net,1
populistwire.com,1
conservativesus.party,1
publicinterestlegal.org,1
quadrant.org.au,1
rd.com,1
americasvoice.news,1
renewedright.com,1
ricochet.com,1
rightandfree.com,1
ronpaullibertyreport.com,1
sabah.com.tr,1
savejersey.com,1
sentinelksmo.org,1
sharylattkisson.com,1
sbgi.net,1
skynews.com.au,1
sonorannews.com,1
southernpatriotnews.com,1
spiked-online.com,1
standpointmag.co.uk,1
starpolitical.com,1
tenthamendmentcenter.com,1
adelaidenow.com.au,1
americanmind.org,1
thecitizenpress.com,1
theconservativenut.gop,1
theconservativeopinion.com,1
conservativewoman.co.uk,1
thedailydefender.com,1
dailytelegraph.com.au,1
dc-chronicle.com,1
thefirsttv.com,1
thegreggjarrett.com,1
thehayride.com,1
thejeffreylord.com,1
thelibertyloft.com,1
thenationalherald.com,1
thenewrevere.com,1
theohiostar.com,1
thepostmillennial.com,1
punchingbagpost.com,1
therantidote.com,1
rebelnews.com,1
theresurgent.com,1
ronpaulinstitute.org,1
thestar.com.my,1
thesun.co.uk,1
tennesseestar.com,1
thetexan.news,1
thetruthaboutguns.com,1
torontosun.com,1
trendingviews.co,1
tribunist.com,1
trtworld.com,1
unwatch.org,1
unitynewsnetwork.co.uk,1
updateamerica.com,1
vivaliberty.com,1
weeklystandard.com,1
westernfreepress.com,1
westmonster.com,1
whatfinger.com,1
world.wng.org,1
worldtribune.com,1
yellowhammernews.com,1
yaf.org,1
aheadoftheherd.com,1
counterjihad.com,1
defenddemocracy.press,1
dollarvigilante.com,1
elelephantintheroom.blogspot.com,1
firearmscoalition.org,1
horowitzfreedomcenter.org,1
jamesrgrangerjr.com,1
journal-neo.org,1
katehon.com,1
liveactionnews.org,1
365usanews.com,1
antoniusaquinas.wp.com,1
brotherjohnf.com,1
conservativestate.com,1
countercurrentnews.com,1
dailypoliticsusa.com,1
darkpolitricks.com,1
extraclubmagazine.com,1
freedomworldnews.com,1
heresyblog.net,1
lifeandabout.com,1
molonlabemedia.com,1
openmindmagazine.com,1
patdollar.com,1
presstv.ir,1
qpolitical.com,1
sjlendman.blogspot.com,1
therealstrategy.com,1
thewatchtowers.com,1
addictinginfo.org,0
americanborderpatrol.com,0
americantoday.news,0
americaslastlineofdefense.org,0
antiwar.com,0
attitude.co.uk,0
barnesreview.org,0
bluenationreview.com,0
breakpoint.org,0
cbinfo24.com,0
cnnnext.com,0
conservativeangle.com,0
countercurrents.org,0
creativitymovement.net,0
darkmoon.me,0
davejanda.com,0
davidduke.com,0
drrichswier.com,0
economicnoise.com,0
express.co.uk,0
factrider.com,0
financialsurvivalnetwork.com,0
freerepublic.com,0
gellerreport.com,0
guccifer2.wordpress.com,0
heightpost.com,0
ideaspots.com,0
independentminute.com,0
informetoday.com,0
kagfeed.com,0
loanpride.com,0
macedoniaonline.eu,0
mad-yet.blogspot.com,0
madpatriots.com,0
mminfo24.com,0
nation.com.pk,0
newswire-24.com,0
northcrane.com,0
nutritionalanarchy.com,0
politicususa.com,0
pollhype.com,0
postcard.news,0
postillon.com,0
realtimepolitics.com,0
returnofkings.com,0
rightalert.com,0
rwnofficial.com,0
shareblue.com,0
sovereignman.com,0
stillnessinthestorm.com,0
thegoldandoilguy.com,0
theinformedamerican.net,0
thenationalmarijuananews.com,0
therooster.com,0
thesmokersclub.com,0
tomwoods.com,0
truthfeednews.com,0
universaleinfo.com,0
urdoca.com,0
usdefensewatch.com,0
wallstreetonparade.com,0
weaselzippers.us,0
wolfstreet.com,0
aanirfan.blogspot.co.uk,0
anonnews.co,0
automaticearth.com,0
blackagendareport.com,0
boilingfrogspost.com,0
bvanews.com,0
conservativeoutfitters.com,0
dcleaks.com,0
ifyouonlynews.com,0
morningledger.com,0
newcenturytimes.com,0
politicsintheusa.com,0
powerpoliticians.com,0
theantimedia.org,0
thegoldandoilguy.com/articles,0
usviewer.com,0
veteransnewsnow.com,0
wikileaks.com,0
wikileaks.org,0
abriluno.com,0
actionnews3.com,0
allnews4us.com,0
alternativemediasyndicate.net,0
americasfreedomfighters.com,0
bigamericannews.com,0
breakingnews247.net,0
breakingnews365.net,0
cannasos.com,0
cap-news.com,0
channel24news.com,0
channel33news.com,0
christwire.org,0
cityworldnews.com,0
cnoticias.net,0
coasttocoastam.com,0
coed.com,0
collective-evolution.com,0
conservativebyte.com,0
conservativefighters.com,0
dailyheadlines.com,0
dailyheadlines.net,0
dcgazette.com,0
deadlyclear.wordpress.com,0
downtrend.com,0
fakingnews.com,0
immediatesafety.org,0
investmentwatchblog.com,0
itaglive.com,0
jewsnews.co.il,0
liberaldarkness.com,0
libertyblitzkrieg.com,0
libertywriters.com,0
liveleak.com,0
mediamass.net,0
mentor2day.com,0
myfreshnews.com,0
newsfrompolitics.com,0
newslogue.com,0
newsmutiny.com,0
newspunch.com,0
newswatch28.com,0
noticias-frescas.com,0
notizzia.com,0
pakalertpress.com,0
politicalsitenews.com,0
reagancoalition.com,0
reporter.bz,0
rightwingtribune.com,0
smag31.com,0
sputniknews.com,0
stormcloudsgathering.com,0
subjectpolitics.com,0
teaparty.org,0
theamericanmirror.com,0
thebigriddle.com,0
thefreepatriot.org,0
therightscoop.com,0
therundownlive.com,0
thetruthdivision.com,0
trend-news.com,0
usamagazinestudio.com,0
viralliberty.com,0
viralnewssocial.com,0
wakingtimes.com,0
24newsflash.com,0
70news.wordpress.com,0
abcnewsgo.co,0
alternativemediasyndicate.com,0
americanoverlook.com,0
blackinusrancenews.com,0
cbsnews.com.co,0
channel-7-news.com,0
conservativeinfidel.com,0
ddemocraticunderground.com,0
drudgereport.com.co,0
empirehearland.com,0
en-vovle.com,0
enabon.com,0
enduringvision.com,0
eutopia.buzz,0
givemeliberity01.com,0
goneleft.com,0
gopthedailydose.com,0
healthycareandbeauty.com,0
itmakessenseblog.com,0
iwanttoexplore.com,0
ladylibertynews.com,0
learnprogress.org,0
maganews.co,0
megynkelly.us,0
mpidailymagazine.com,0
mrconservative.com,0
myzonetoday.com,0
nationonenews.com,0
newsbbc.net,0
newsmagazine.com,0
onlineconservativepress.com,0
politicalo.com,0
politicalupdator.com,0
politicono.com,0
proamericanews.com,0
proudcons.com,0
rhotv.com,0
thatviralfeed.net,0
theamericanindependent.wordpress.com,0
thecontroversialfiles.net,0
thelastgreatstand.com,0
trumpvision365.com,0
usa2016elections.com,0
usadailypolitics.com,0
usahitman.com,0
usainfobox.com,0
usanewsinsider.com,0
usanewspolitics.com,0
usaonlinepolitics.com,0
usaphase.com,0
usatoday.com.co,0
usatwentyfour.com,0
usconservativetoday.com,0
usfanzone.com,0
uspoliticslive.com,0
washingtonfed.com,0
webdaily.com,0
worldpoliticsus.com,0
worldrumor.com,0
worldstoriestoday.com,0
yourfunpage.com,0
twitter.com/capnews,0
clickhole.com,0
creambmp.com,0
derfmagazine.com,0
duhprogressive.com,0
empirenews.com,0
cc.com/indecision,0
msnbc.co,0
news-hound.com,0
politicalears.com,0
private-eye.co.uk,0
sprotspickle.com,0
theuspatriot.com,0
secondamendmentdaily.com,0
3ccorp.net,0
100percentfedup.com,0
10news.one,0
us24news.com,0
avoiceformen.com,0
activistmommy.com,0
adamscountytimes.com,0
ageofshitlords.com,0
ajuanews.com,0
english.alarabiya.net,0
albanystandard.com,0
albawaba.com,0
adflegal.org,0
english.almanar.com.lb,0
almasdarnews.com,0
alphanewsmn.com,0
altright.com,0
altrighttv.com,0
americadaily.com,0
americamaxnews.com,0
americatalks.com,0
americanactionnews.com,0
acpeds.org,0
americanconservativemedia.com,0
americanconservativemovement.com,0
afa.net,0
americanlookout.com,0
americanpatriotdaily.com,0
americanpeopledaily.com,0
americanprinciplesproject.org,0
amren.com,0
tfp.org,0
americanthinker.com,0
americantruthtoday.com,0
awm.com,0
americansarepissed.com,0
americansfortruth.com,0
americasnewssource.com,0
amityunderground.com,0
analyzingamerica.org,0
anonews.co,0
antelopevalleytoday.com,0
arabnews.com,0
archaeology-world.com,0
aapsonline.org,0
athensreporter.com,0
atlstandard.com,0
auburntimes.com,0
backroombuzz.com,0
baldwintimes.com,0
bannedinformation.com,0
barenakedislam.com,0
basnews.com,0
en.bbarta24.net,0
bdnews24.com,0
bjreview.com,0
bentontimes.com,0
bestdailynews.info,0
bigleaguepolitics.com,0
billionbibles.org,0
bipartisanreport.com,0
blackeyepolitics.com,0
blacknews.com,0
blackpigeonspeaks.com,0
blingnews.com,0
bluedotdaily.com,0
bluntforcetruth.com,0
bongino.com,0
bossip.com,0
breaking911.com,0
breakingchristiannews.com,0
breakingfirst.com,0
breakingnewshouse.com,0
breakingwide.com,0
breitbart.com,0
brevardsun.com,0
bridgeporttimes.com,0
britainfirst.org,0
caixinglobal.com,0
caldronpool.com,0
english.cctv.com,0
censored.news,0
centennialstatenews.com,0
trueactivist.com,0
researchantisemitism.ca,0
centralbrowardnews.com,0
centralcoloradonews.com,0
centralgeorgianews.com,0
centraloctimes.com,0
cernovich.com,0
checkpointasia.net,0
chicotimes.com,0
chinadaily.com.cn,0
america.cgtn.com,0
christianaction.org,0
churchmilitant.com,0
clarionproject.org,0
claycotimes.com,0
cloverchronicle.com,0
cnsnews.com,0
coachellatoday.com,0
coastalganews.com,0
cobbreporter.com,0
coconinonews.com,0
cei.org,0
concernedwomen.org,0
conservapedia.com,0
conservativeammo.com,0
conservativebeaver.com,0
conservativebuzz.com,0
conservativedailynews.com,0
conservativefreepress.com,0
conservativematrix.com,0
conservativemedia.com,0
facebook.com/conservativepoliticstoday,0
conservativepost.com,0
westernjournal.com,0
conservativetoday.org,0
constitutionstatenews.com,0
corona-transition.org,0
cair.com,0
councilforthenationalinterest.org,0
merica1st.com,0
dailymail.co.uk,0
dailypoliticalnewswire.com,0
dailystar.co.uk,0
dailystormer.name,0
davidharrisjr.com,0
dcalert.com,0
dcbluedot.com,0
dcdirtylaundry.com,0
thedcgazette.com,0
debka.com,0
decaturtimes.com,0
deepleftfield.info,0
defendevropa.org,0
defiantamerica.com,0
dekalbganews.com,0
democrats.org,0
denvercitywire.com,0
deplorablekel.com,0
discoverthenetworks.org,0
djhjmedia.com,0
dnyuz.com,0
duvaltimes.com,0
eaglerising.com,0
eastalamedanews.com,0
eastarapahoenews.com,0
eastarizonanews.com,0
ecalabamanews.com,0
eastcontracostanews.com,0
easthillsboroughnews.com,0
eastlittlerocktimes.com,0
eastpanhandlenews.com,0
eastsandiegonews.com,0
eastsbvtimes.com,0
eastsfvtoday.com,0
eastsierranews.com,0
eastventuranews.com,0
eastvolusianews.com,0
emeraldcoasttimes.com,0
emirates247.com,0
endthefed.org,0
everylegalvote.com,0
everytown.org,0
evil.news,0
abcbusinessnews.com,0
explainlife.com,0
exposinggovernment.com,0
factcheckingturkey.com,0
factswanted.com,0
frc.org,0
familysurvivalheadlines.com,0
en.farsnews.com,0
fashthenation.com,0
fayettevillestandard.com,0
fbnewscycle.com,0
femalista.com,0
filmingcops.com,0
firststatetimes.com,0
fl24.net,0
flagandcross.com,0
usafortrumponline.com,0
focusonthefamily.com,0
foreignpolicyi.org,0
fortherightnews.com,0
fortsmithtimes.com,0
frankspeech.com,0
freedomnewsreport.com,0
freedomworks.org,0
freedomproject.com,0
freewestmedia.com,0
fresnoleader.com,0
friatider.se,0
frontpagemag.com,0
gadsdentoday.com,0
gatestoneinstitute.org,0
genzconservative.com,0
geologyin.com,0
georgiamountainnews.com,0
ghost.report,0
girlsjustwannahaveguns.com,0
globemagazine.com,0
gnews.org,0
thegoodlordabove.com,0
godfatherpolitics.com,0
goldcountrytoday.com,0
goldenstatetoday.com,0
goodgopher.com,0
gop.gov,0
grainoftruth.ca,0
grandcanyontimes.com,0
grandjunctiontimes.com,0
greatamericandaily.com,0
greatamericanrepublic.com,0
greatreject.org,0
grunge.com,0
gucmakale.com,0
gulfnews.com,0
hannity.com,0
hardnews.network,0
hartfordreporter.com,0
en.hawarnews.com,0
headtopics.com,0
hereistheevidence.com,0
hernandoreporter.com,0
heartland.org,0
hoggwatch.com,0
hoodsite.com,0
hotspringstimes.com,0
housatonicvalleynews.com,0
huntsvilleleader.com,0
iharare.com,0
ihatethemedia.com,0
ihypocrite.net,0
illegalaliencrimereport.com,0
illicitinfo.com,0
imowired.com,0
imperialcanews.com,0
infogalactic.com,0
independentsentinel.com,0
informationliberation.com,0
inforos.ru,0
infoscum.com,0
innerstrength.zone,0
ihr.org,0
interioralaskanews.com,0
profam.org,0
jeffersonreporter.com,0
jewwatch.com,0
joeforamerica.com,0
jonesborotimes.com,0
judicialwatch.org,0
justthefacts.org,0
kentcountytoday.com,0
kerncountytimes.com,0
keywestreporter.com,0
kingscountytimes.com,0
knightstemplarinternational.com,0
kcna.kp,0
ladbible.com,0
laharbornews.com,0
laketahoesun.com,0
lancastercourier.com,0
larimernews.com,0
lastfrontiernews.com,0
laxleader.com,0
leftaction.com,0
leftexposed.org,0
lewrockwell.com,0
libertybell.com,0
libertyhangout.org,0
libertynews.com,0
lifenews.com,0
lifesitenews.com,0
lindelltv.com,0
litchfieldhillstoday.com,0
louderwithcrowder.com,0
lowedeltanews.com,0
lucianne.com,0
macontimes.com,0
magadailyreport.com,0
magapill.com,0
manateereview.com,0
marinleader.com,0
matsutimes.com,0
en.mehrnews.com,0
mercedtimes.com,0
en.mercopress.com,0
en.metapedia.org,0
metricmedianews.com,0
miamicourant.com,0
middleamericandemocrat.com,0
meforum.org,0
memri.org,0
mixi.media,0
mobilecourant.com,0
mohavetoday.com,0
mondoweiss.net,0
montereytimes.com,0
moonbattery.com,0
front.moveon.org,0
msmlies.com,0
myrightamerica.com,0
naplesstandard.com,0
naturecoasttimes.com,0
navarroreport.com,0
natall.com,0
nationaleconomicseditorial.com,0
nationalenquirer.com,0
geopol.institute,0
home.nra.org,0
nrlc.org,0
nationalvanguard.org,0
naturalstatenews.com,0
naugatucktimes.com,0
ncfloridanews.com,0
ncgeorgianews.com,0
nealabamanews.com,0
neatlantanews.com,0
necalinews.com,0
necoloradonews.com,0
neconnnews.com,0
nefloridanews.com,0
nesacramentonews.com,0
nevalleytimes.com,0
newnation.org,0
news18.com,0
newsblaze.com,0
newsbreak.com,0
newsheist.com,0
newshourfirst.com,0
newspushed.com,0
newsready.com,0
newsrescue.com,0
newsservis.com,0
newsammo.com,0
newsmax.com,0
en.newsner.com,0
newsview.gr,0
newswars.com,0
youtube.com/nextnewsnetwork,0
noqreport.com,0
nordicmonitor.com,0
northalaskanews.com,0
northbirminghamtimes.com,0
northbrowardnews.com,0
ncarkansasnews.com,0
northcoastcanews.com,0
northinlandnews.com,0
northjeffconews.com,0
northlaketimes.com,0
northlittlerocktimes.com,0
northmianews.com,0
northoctimes.com,0
northorlandonews.com,0
northpalmbeachtoday.com,0
northpanhandlenews.com,0
northpimanews.com,0
northpinellasnews.com,0
northsactoday.com,0
northnewcastlenews.com,0
northsfvtoday.com,0
northsgvnews.com,0
nowthisnews.com,0
npr.news,0
nationalrighttolifenews.org,0
ntd.tv,0
nwalabamanews.com,0
nwarkansasnews.com,0
nwconnnews.com,0
nwlatimes.com,0
nwriversidenews.com,0
nwvalleytimes.com,0
oaklandcitywire.com,0
oathkeepers.org,0
objectivist.co,0
ocalastandard.com,0
okeechobeetimes.com,0
orlandostandard.com,0
outragedpatriot.com,0
overpassesforamerica.com,0
pacificpundit.com,0
palmcoasttimes.com,0
panamacityreporter.com,0
parler.com,0
pascoreporter.com,0
patribotics.blog,0
patriotbeat.com,0
patriotfires.com,0
patriotjournal.org,0
patriotreport.com,0
patrioticviralnews.com,0
pcmustdie.com,0
peacedata.net,0
pensacolatimes.com,0
perezhilton.com,0
personalliberty.com,0
phxreporter.com,0
pinaltoday.com,0
pinellastimes.com,0
pjmedia.com,0
pmnightlynews.com,0
polipace.com,0
politicalflare.com,0
politicalstate.org,0
politifact.news,0
polktimes.com,0
pomonavalleynews.com,0
pop.org,0
populist.press,0
powderedwigsociety.com,0
prageru.com,0
presscorp.org,0
presstv.com,0
prideof-america.org,0
progresstribune.com,0
projectveritas.com,0
en.protothema.gr,0
protrumpnews.com,0
pulaskitimes.com,0
quillette.com,0
rationalground.com,0
rawconservativeopinions.com,0
realconservativesunite.com,0
redbluedivide.com,0
reddingtoday.com,0
redice.tv,0
redorbit.com,0
redstate.com,0
redwoodempirenews.com,0
reedcooper.net,0
renewamerica.com,0
gop.com,0
revolver.news,0
righterway.com,0
rightalerts.com,0
rsbnetwork.com,0
rightwingnews.com,0
riverregiontimes.com,0
rodong.rep.kp/en,0
rt.com,0
rudaw.net,0
rumble.com,0
ruptly.tv,0
rushlimbaugh.com,0
russia-insider.com,0
tass.com,0
ruthinstitute.org,0
sacramentostandard.com,0
sandiegocitywire.com,0
sanfransun.com,0
sanjoaquintimes.com,0
sanjosestandard.com,0
santaclaratoday.com,0
santacruzstandard.com,0
sanmateosun.com,0
smobserved.com,0
sarasotareview.com,0
scalaskanews.com,0
scconnnews.com,0
sealaskanews.com,0
searizonanews.com,0
secureamericanow.org,0
secoloradonews.com,0
seconnnews.com,0
sedenvernews.com,0
selatimes.com,0
sfvtoday.com,0
sgvstandard.com,0
shafaaq.com,0
shariawatch.org.uk,0
shoalstoday.com,0
shtfplan.com,0
sickchirpse.com,0
skepticink.com,0
sloreporter.com,0
sohu.com,0
solanosun.com,0
southafricatoday.net,0
southalamedanews.com,0
southbayleader.com,0
southbaysdnews.com,0
sonsof1776.com,0
southalabamatimes.com,0
southbrowardnews.com,0
southjeffconews.com,0
southlaketoday.com,0
southmianews.com,0
southnewcastlenews.com,0
southorlandonews.com,0
southpalmbeachtoday.com,0
southpinellastimes.com,0
southsactoday.com,0
southsfbaynews.com,0
southsgvnews.com,0
springstimes.com,0
speisa.com,0
stpetestandard.com,0
stanislausnews.com,0
staresattheworld.com,0
stateofthenation.co,0
steadfastandloyal.com,0
stonecoldtruth.com,0
stoppingsocialism.com,0
southbirminghamtimes.com,0
southoctimes.com,0
southpimanews.com,0
southsfvtoday.com,0
stfnreport.com,0
strategic-culture.org,0
trumpstudents.org,0
studionewsnetwork.com,0
sumtertimes.com,0
sunshinesentinel.com,0
survivalblog.com,0
sussexreview.com,0
swampdrain.com,0
swarajyamag.com,0
swalaskanews.com,0
swarizonanews.com,0
swarkansastimes.com,0
swcoloradonews.com,0
swconnnews.com,0
swriversidenews.com,0
swvalleytimes.com,0
syrianews.cc,0
takimag.com,0
tallahasseesun.com,0
tamparepublic.com,0
tasnimnews.com,0
tbdailynews.com,0
teapartypatriots.org,0
techstartups.com,0
telesurtv.net,0
africanexponent.com,0
thebeardedpatriot.com,0
thebeltwayreport.com,0
thebl.com,0
theblacksphere.net,0
theblaze.com,0
buffalochronicle.com,0
theconservativebrief.com,0
theconservativecentral.com,0
conservativepapers.com,0
constitutionproject.org,0
thedailybell.com,0
thedailystar.com,0
dailywire.com,0
thedcpatriot.com,0
thedonald.win,0
theduran.com,0
economictimes.indiatimes.com,0
theepochtimes.com,0
thefederalist.com,0
fairus.org,0
thefreedomtimes.com,0
freetelegraph.com,0
thefrisky.com,0
thehornnews.com,0
thelapost.com,0
theconservativetreehouse.com,0
lastresistance.com,0
thelaughclub.net,0
thelibertydaily.com,0
thelibertyeagle.com,0
eng.majalla.com,0
themillenniumreport.com,0
thenationalpatriot.com,0
thenationalpulse.com,0
thenational.ae,0
nationalistreview.net,0
mynewsguru.com,0
other98.com,0
thepeoplestruth.com,0
thepoliticalbrief.com,0
thepolitics.online,0
thepostemail.com,0
theproudliberal.org,0
theredelephants.com,0
thereligionofpeace.com,0
remnantnewspaper.com,0
rfangle.com,0
therightstuff.biz,0
thescinewsreporter.com,0
sciencetimes.com,0
thescoop.us,0
sonsoflibertymedia.com,0
thespectator.info,0
tehrantimes.com,0
digifection.com,0
thetruedefender.com,0
thetruereporter.com,0
theunionjournal.com,0
unz.com,0
thewashingtonsentinel.com,0
facebook.com/thewashingtonstandard,0
thinkamericana.com,0
chicagodaily.pro,0
toddstarnes.com,0
toofab.com,0
toptopic.club,0
torontotoday.net,0
townhall.com,0
tplnews.com,0
treasurecoastsun.com,0
trendingpolitics.com,0
triggerreset.net,0
truthexam.com,0
trueviralnews.com,0
trump.news,0
trumptrainnews.com,0
truthinmedia.com,0
truthuncensored.net,0
tucsonstandard.com,0
tularetimes.com,0
tpusa.com,0
tuscaloosaleader.com,0
unclesamsmisguidedchildren.com,0
understandingthethreat.com,0
uniteamericafirst.com,0
upperdeltanews.com,0
usbacklash.org,0
uslibertywire.club,0
uslibertywire.com,0
usnationalnews.org,0
usaisonline.com,0
usareally.com,0
usanetwork.info,0
usright-left.com,0
ussanews.com,0
bloodandsoil.org,0
en.radiovaticana.va,0
vdare.com,0
verdugosnews.com,0
victorvalleytimes.com,0
vidmax.com,0
viralhatch.com,0
voiceofeurope.com,0
wallbuilders.com,0
fibrohealthnews.com,0
thewashingtonpundit.com,0
washingtontimes.com,0
waynedupree.com,0
welovetrump.com,0
wethepeopledaily.com,0
wcalabamanews.com,0
westcontracostanews.com,0
westeldoradonews.com,0
westflnews.com,0
westhillsboroughnews.com,0
westernsentinel.com,0
westlatimes.com,0
westoctimes.com,0
westsbvtimes.com,0
westsfvtoday.com,0
westsgvnews.com,0
westventuranews.com,0
westvolusianews.com,0
whatstheharm.net,0
wikiislam.net,0
winecountrytimes.com,0
wingsoverscotland.com,0
wiregrasstimes.com,0
thepublicdiscourse.com,0
wokesloth.com,0
womenarehuman.com,0
facebook.com/womensrightsnews,0
wnd.com,0
worldstarhiphop.com,0
yavapainews.com,0
yellowhammertimes.com,0
yc.news,0
yubasuttertimes.com,0
zenith.news,0
maga2020.us,0
79days.news,0
369news.net,0
911truth.org,0
latitudes.org,0
ageofautism.com,0
allianceforadvancedhealth.com,0
anh-usa.org,0
amtvmedia.com,0
alternativenews.com,0
althealthworks.com,0
americandigitalnews.com,0
ahtribune.com,0
aim4truth.org,0
americanpolicy.org,0
americasfrontlinedoctors.com,0
ancient-code.com,0
ancient-origins.net,0
anewspost.com,0
answersingenesis.org,0
apost.com,0
ae911truth.org,0
asia-pacificresearch.com,0
askingangels.com,0
australiannationalreview.com,0
autisminvestigated.com,0
autismspeaks.org,0
banned.video,0
beholdisrael.org,0
biggovernment.news,0
biodefense.com,0
biologos.org,0
blacklistednews.com,0
brandnewtube.com,0
brighteon.com,0
brightside.me,0
bugout.news,0
campusinsanity.com,0
cancer.news,0
catholic.org,0
charismanews.com,0
childrenshealthdefense.org,0
chlorellafactor.com,0
carm.org,0
www1.cbn.com,0
creation.com,0
christianscience.com,0
legitgov.org,0
climatechangedispatch.com,0
climatedepot.com,0
judithcurry.com,0
climatism.blog,0
climate.news,0
collapse.news,0
cfact.org,0
consciouslifenews.com,0
conspiracydailyupdate.com,0
consumerwellness.org,0
cosmicintelligenceagency.com,0
counterthink.com,0
geopolitics.co,0
creationwiki.org,0
csglobe.com,0
curiousmindmagazine.com,0
dailygrail.com,0
dailyhealthpost.com,0
darkjournalist.com,0
davidicke.com,0
discovery.org,0
disobedientmedia.com,0
distributednews.com,0
doctoroz.com,0
draxe.com,0
ewao.com,0
earthpulse.com,0
ecology.news,0
educateinspirechange.org,0
electroverse.net,0
eluxemagazine.com,0
endtimeheadlines.org,0
ewg.org,0
escapeallthesethings.com,0
eugenics.news,0
godandscience.org,0
evolutionnews.org,0
fabiosa.com,0
faithit.com,0
faithpanda.com,0
ff911truthandunity.org,0
foodbabe.com,0
foodmatters.com,0
food.news,0
foreverconscious.com,0
freedomadvocates.org,0
freedomainradio.com,0
freedom.news,0
friendsofscience.org,0
geoengineering.news,0
getholistichealth.com,0
glitch.news,0
globalhealingcenter.com,0
globalskywatch.com,0
gmwatch.org,0
goop.com,0
gotquestions.org,0
govtslaves.com,0
greenmedinfo.com,0
greenpeace.org,0
gulagbound.com,0
haarp.net,0
healthandmoneynews.wordpress.com,0
healingfoodreference.com,0
healingoracle.ch,0
healthimpactnews.com,0
health.news,0
healthnutnews.com,0
healthrangerreport.com,0
hsionline.com,0
healthyandnaturalworld.com,0
healthyfoodhouse.com,0
healthy-holistic-living.com,0
hellochristian.com,0
savethemales.ca,0
herb.co,0
herbreference.com,0
higherperspectives.com,0
homeopathyjournal.net,0
iceagenow.info,0
ihealthtube.com,0
iheartintelligence.com,0
illuminatiwatcher.com,0
independentsciencenews.org,0
ingredients.news,0
icr.org,0
responsibletechnology.org,0
climatescienceinternational.org,0
iowaclimate.org,0
israelislamandendtimes.com,0
jeffereyjaxen.com,0
jesusdaily.com,0
joebiden.news,0
junkscience.com,0
larouchepac.com,0
learntherisk.org,0
leftcult.com,0
liberty.news,0
libtards.news,0
lifespa.com,0
littlethings.com,0
liveaction.org,0
livestrong.com,0
livingwhole.org,0
mediafactwatch.com,0
mediaroots.org,0
medicalmedium.com,0
medicine.news,0
mercola.com,0
mindbodygreen.com,0
modernalternativemama.com,0
nationalfile.com,0
nationalsecurity.news,0
nvic.org,0
naturalawakeningsmag.com,0
naturalcures.com,0
naturalhealth365.com,0
naturalmedicine.news,0
naturalnewsblogs.com,0
naturalnewsradio.com,0
naturalpedia.com,0
naturalsociety.com,0
naturallysavvy.com,0
needtoknow.news,0
sp.neuronation.com/en,0
newamericannews.com,0
newsinsideout.com,0
newsbud.com,0
notrickszone.com,0
nutrientreference.com,0
nutritionfacts.org,0
occupyyourself.org,0
online-updates.net,0
organicconsumers.org,0
organicfacts.net,0
ourhealthguides.com,0
oye.news,0
pandemic.news,0
patriots4truth.org,0
peta.org,0
pollution.news,0
prepareforchange.net,0
pressfortruth.ca,0
prevention.com,0
principia-scientific.org,0
pdmj.org,0
prophecynewswatch.com,0
prophecytoday.com,0
qanon.pub,0
randpaul.news,0
rapturenewsnetwork.com,0
realclimatescience.com,0
realjewnews.com,0
realnews24.com,0
redoubtnews.com,0
returntonow.net,0
revolutionradio.org,0
sanevax.org,0
science.news,0
sciencevibe.com,0
sgtreport.com,0
sott.net,0
snopes.news,0
southfront.org,0
space.news,0
sitsshow.blogspot.com,0
stormfront.org,0
supplementreference.com,0
sustainablepulse.com,0
swprs.org,0
talknetwork.com,0
technocracy.news,0
theantimedia.com,0
thedailyconspiracy.com,0
dailyexpose.co.uk,0
thefullertoninformer.com,0
healthranger.com,0
thehealthyamerican.org,0
theheartysoul.com,0
thehighwire.com,0
stream.org,0
thetrumpet.com,0
thetruthaboutcancer.com,0
thevaccinereaction.org,0
thinkinghumanity.com,0
thinkingmomsrevolution.com,0
thoughtcatalog.com,0
thoughtcrimeradio.net,0
thriveglobal.com,0
thrivemovement.com,0
treason.news,0
truepundit.com,0
trunews.com,0
twisted.news,0
ukcolumn.org,0
usawatchdog.com,0
vaccineimpact.com,0
vaccines.news,0
vaccinesrevealed.com,0
vactruth.com,0
vaxxter.com,0
veteranstoday.com,0
viralnewsnetwork.net,0
votefraud.news,0
wattsupwiththat.com,0
anonhq.com,0
westonaprice.org,0
whitehouse.news,0
worldaffairsbrief.com,0
worlddoctorsalliance.com,0
worldhealth.net,0
7news.com.au,1
9news.com.au,1
abc.es,1
theadvocates.org,1
english.ahram.org.eg,1
al.com,1
abqjournal.com,1
aleteia.org,1
americanactionforum.org,1
americanaffairsjournal.org,1
acsh.org,1
americanfirearms.org,1
aier.org,1
americasquarterly.org,1
angusreid.org,1
arcamax.com,1
argusleader.com,1
arkansasonline.com,1
israelnationalnews.com,1
aawsat.com/english,1
aninews.in,1
atlanticcouncil.org,1
newideal.aynrand.org,1
barrons.com,1
beinglibertarian.com,1
berlingske.dk,1
bild.de,1
billingsgazette.com,1
bipartisanpolicy.org,1
bostonherald.com,1
breakingdefense.com,1
thebreakthrough.org,1
bt.dk,1
batimes.com.ar,1
businesslive.co.za,1
calgaryherald.com,1
californiaglobe.com,1
capoliticalreview.com,1
campaignforliberty.org,1
cjnews.com,1
taxpayer.com,1
capitalismmagazine.com,1
cato.org,1
ccn.com,1
cftni.org,1
checkyourfact.com,1
chicagotribune.com,1
chinadigitaltimes.net,1
christianitytoday.com,1
gazette.com,1
columbiadailyherald.com,1
crfb.org,1
dailyherald.com,1
mininggazette.com,1
dailypress.com,1
dailyo.in,1
dallasnews.com,1
volkskrant.nl,1
deccanchronicle.com,1
denvergazette.com,1
deseretnews.com,1
desertsun.com,1
detroitnews.com,1
deutschland.de,1
diepresse.com,1
welt.de,1
downsizinggovernment.org,1
ecuavisa.com,1
edmontonexaminer.com,1
edmontonjournal.com,1
edmontonsun.com,1
elmundo.es,1
entrepreneur.com,1
eppc.org,1
ekirikas.com,1
expressen.se,1
longwarjournal.org,1
financialexpress.com,1
financialpost.com,1
firearmsnews.com,1
fitchratings.com,1
fitsnews.com,1
forbes.com,1
fpri.org,1
fbherald.com,1
star-telegram.com,1
fortnightlyreview.co.uk,1
fortune.com,1
fee.org,1
foxbusiness.com,1
faz.net,1
franklinnews.org,1
fraserinstitute.org,1
freedomalliance.org,1
freedomhouse.org,1
gp.se,1
mlive.com,1
greeleytribune.com,1
guns.com,1
heraldsun.com.au,1
heterodoxacademy.org,1
hln.be,1
hidesertstar.com,1
hpenews.com,1
thehindubusinessline.com,1
honestreporting.com,1
hoover.org,1
humanprogress.org,1
idahostatejournal.com,1
iefimerida.gr,1
ilgiornale.it,1
inhomelandsecurity.com,1
india.com,1
indiatoday.in,1
inforum.com,1
insidesources.com,1
theihs.org,1
independent.ie,1
itv.com,1
jpost.com,1
jewishbreakingnews.com,1
jewishjournal.com,1
jns.org,1
justfacts.com,1
justfactsdaily.com,1
wwmt.com,1
katu.com,1
knewz.com,1
koreaherald.com,1
kutv.com,1
lmtonline.com,1
reviewjournal.com,1
learnliberty.org,1
leicestermercury.co.uk,1
lexingtoninstitute.org,1
libertarianism.org,1
listverse.com,1
lbc.co.uk,1
standard.co.uk,1
lfpress.com,1
dailynews.com,1
lubbockonline.com,1
lynx.media,1
mackinac.org,1
malaysia-today.net,1
manilatimes.net,1
marginalrevolution.com,1
marketwatch.com,1
mercatus.org,1
metabunk.org,1
montrealgazette.com,1
mtdemocrat.com,1
mynorthwest.com,1
nationalaffairs.com,1
nationalinterest.org,1
nationalpost.com,1
nos.nl,1
nypost.com,1
news.com.au,1
news-gazette.com,1
nhk.or.jp,1
asia.nikkei.com,1
nj1015.com,1
nwaonline.com,1
oaoa.com,1
omaha.com,1
opendoorsusa.org,1
ocregister.com,1
oregonlive.com,1
ottawacitizen.com,1
ottawasun.com,1
pacificresearch.org,1
newsandsentinel.com,1
peninsuladailynews.com,1
post-gazette.com,1
triblive.com,1
policyed.org,1
politisite.com,1
postbulletin.com,1
rstreet.org,1
rasmussenreports.com,1
realcleardefense.com,1
realclearinvestigations.com,1
realclearpolicy.com,1
realclearreligion.org,1
reason.com,1
valleynewslive.com,1
leaderpost.com,1
cato.org/regulation,1
remingtonresearchgroup.com,1
republicworld.com,1
richmond.com,1
srnnews.com,1
sbsun.com,1
thestarphoenix.com,1
savannahnow.com,1
scoperatings.com,1
sofrep.com,1
studentnewsdaily.com,1
tallahassee.com,1
taxfoundation.org,1
tharawat-magazine.com,1
algemeiner.com,1
the-american-interest.com,1
chronicle.augusta.com,1
theaustralian.com.au,1
thebrunswicknews.com,1
thebulwark.com,1
thechronicleherald.ca,1
citizen.co.za,1
couriermail.com.au,1
daltondailycitizen.com,1
thedispatch.com,1
durangoherald.com,1
theecjournal.com,1
elkharttruth.com,1
thefiscaltimes.com,1
thegazette.com,1
theglobeandmail.com,1
independent.org,1
thejacknews.com,1
the-japan-news.com,1
jpost.com/jerusalem-report,1
jewishpress.com,1
journal-news.net,1
theledger.com,1
thelibertarianrepublic.com,1
thenewatlantis.com,1
international.thenewslens.com,1
theobjectivestandard.com,1
oklahoman.com,1
post-journal.com,1
pe.com,1
thequint.com,1
thesorrentino.com,1
spectator.co.uk,1
spectator.us,1
spokesman.com,1
standardmedia.co.ke,1
straitstimes.com,1
thestreet.com,1
theitem.com,1
thetimesherald.com,1
timesofindia.indiatimes.com,1
thetimes.co.uk,1
washingtoninstitute.org,1
thewest.com.au,1
winchesterstar.com,1
yomiuri.co.jp,1
tnonline.com,1
timeslive.co.za,1
toledoblade.com,1
cjonline.com,1
tovima.gr,1
transparentcalifornia.com,1
tribunnews.com,1
tulsaworld.com,1
valuewalk.com,1
vancouversun.com,1
wsj.com,1
watchdog.org,1
rep-am.com,1
wctrib.com,1
kansas.com,1
sungazette.com,1
news-herald.com,1
windsorstar.com,1
wlos.com,1
cbs12.com,1
yankeeinstitute.org,1
zebrafactcheck.com,1
604now.com,1
972mag.com,1
whitehouse.gov,1
abcnews.go.com,1
abc.net.au,1
abc11.com,1
abovethelaw.com,1
aceshowbiz.com,1
aclu.org,1
aeon.co,1
affinitymagazine.us,1
africanarguments.org,1
africanews.com,1
ahvalnews.com,1
beaconjournal.com,1
aljazeera.com,1
al-monitor.com,1
al-sura.com,1
guttmacher.org,1
timesunion.com,1
albertaviews.ca,1
allgov.com,1
alliedprogress.org,1
amny.com,1
americamagazine.org,1
americanimmigrationcouncil.org,1
mediabiasfactcheck.com,1
amnesty.org,1
adn.com,1
annistonstar.com,1
anthropocenemagazine.org,1
adl.org,1
aol.com,1
apmreports.org,1
areomagazine.com,1
tucson.com,1
azdailysun.com,1
azcentral.com,1
arktimes.com,1
armscontrol.org,1
arte.tv,1
citizen-times.com,1
asiasentinel.com,1
asiancorrespondent.com,1
magazine.atavist.com,1
atlantablackstar.com,1
ajc.com,1
theatlantic.com,1
atlanticmedia.com,1
statesman.com,1
austindailyherald.com,1
avclub.com,1
axios.com,1
backchannel.com,1
balkaninsight.com,1
baltimoresun.com,1
bangordailynews.com,1
battlecreekenquirer.com,1
bbc.com,1
bellingcat.com,1
bellinghamherald.com,1
berkeleyside.com,1
berkshireeagle.com,1
berliner-zeitung.de,1
bing.com,1
birminghammail.co.uk,1
bleacherreport.com,1
bloomberg.com,1
bluestemprairie.com,1
boston.com,1
bostonglobe.com,1
bgr.com,1
bramptonguardian.com,1
brennancenter.org,1
brookings.edu,1
buffalonews.com,1
thebulletin.org,1
businessinsider.com,1
bustle.com,1
buzzfeed.com,1
buzzfeednews.com,1
calwatchdog.com,1
canadalandshow.com,1
capitalgazette.com,1
caribbeanlifenews.com,1
carnegieendowment.org,1
carolinapublicpress.org,1
catchnews.com,1
cbc.ca,1
boston.cbslocal.com,1
losangeles.cbslocal.com,1
cbsnews.com,1
censor.net,1
c4ads.org,1
cgdev.org,1
centerforinquiry.org,1
ciponline.org,1
cnas.org,1
populardemocracy.org,1
publicintegrity.org,1
cbpp.org,1
focustaiwan.tw,1
channel4.com/news,1
wvgazettemail.com,1
charlotteobserver.com,1
cheddar.com,1
chicago.suntimes.com,1
chinaafricaproject.com,1
citizentruth.org,1
citizensforethics.org,1
ctj.org,1
citylab.com,1
citypages.com,1
cityandstateny.com,1
clarionledger.com,1
cleantechnica.com,1
cnbc.com,1
cjr.org,1
colombiareports.com,1
dispatch.com,1
investigaterussia.org,1
commoncause.org,1
commonwealmagazine.org,1
commonwealthfund.org,1
complex.com,1
ctpost.com,1
caller.com,1
crosscut.com,1
ctmirror.org,1
gazettenet.com,1
mirror.co.uk,1
nation.africa,1
dnj.com,1
dawn.com,1
dcist.com,1
dcreport.org,1
deadline.com,1
deccanherald.com,1
debunkingdenialism.com,1
delawareonline.com,1
delo.si,1
democracy21.org,1
democratandchronicle.com,1
denverpost.com,1
westword.com,1
freep.com,1
zeit.de,1
digg.com,1
diply.com,1
diversityinc.com,1
dutchdailynews.com,1
dutchreview.com,1
dw.com,1
earth.columbia.edu,1
earthjustice.org,1
eastbaytimes.com,1
econofact.org,1
epi.org,1
economicshelp.org,1
egyptianstreets.com,1
eldiariony.com,1
elpais.com,1
elpasotimes.com,1
eff.org,1
emerging-europe.com,1
engadget.com,1
ew.com,1
espn.com,1
registerguard.com,1
euobserver.com,1
euractiv.com,1
eurasiareview.com,1
euromaidanpress.com,1
euronews.com,1
exposingtruth.com,1
facebook.com/news,1
factmyth.com,1
fairvote.org,1
fastcompany.com,1
feministfrequency.com,1
fightforthefuture.org,1
fivethirtyeight.com,1
fpif.org,1
fwweekly.com,1
francetvinfo.fr,1
freakonomics.com,1
fresnobee.com,1
gaystarnews.com,1
glamour.com,1
globalcitizen.org,1
globalnews.ca,1
pri.org,1
globalrealnews.com,1
globalriskinsights.com,1
globaltimes.cn,1
news.google.com,1
gothamist.com,1
governing.com,1
whistleblower.org,1
govexec.com,1
greensboro.com,1
greentechmedia.com,1
grist.org,1
gunviolencearchive.org,1
harpers.org,1
courant.com,1
harvardpolitics.com,1
health.com,1
healthyway.com,1
heavy.com,1
hs.fi,1
helsinkitimes.fi,1
hcn.org,1
highline.huffingtonpost.com,1
hindustantimes.com,1
historynewsnetwork.org,1
hollywoodreporter.com,1
civilbeat.org,1
staradvertiser.com,1
chron.com,1
hrw.org,1
humanium.org,1
icenews.is,1
idahopress.com,1
ifamericaknew.org,1
iflscience.com,1
independentaustralia.net,1
inews.co.uk,1
infobae.com,1
inquisitr.com,1
insideedition.com,1
insidehighered.com,1
insidephilanthropy.com,1
insider.com,1
insideclimatenews.org,1
imeu.org,1
itep.org,1
ibtimes.com,1
icrw.org,1
crisisgroup.org,1
interpretermag.com,1
inverse.com,1
ipolitics.ca,1
thenewhumanitarian.org,1
jacksonfreepress.com,1
japantoday.com,1
jihadica.com,1
jointcenter.org,1
helvidius.org,1
daily.jstor.org,1
justsecurity.org,1
kansascity.com,1
denver.cbslocal.com,1
kenoshanews.com,1
knightfoundation.org,1
koco.com,1
kotaku.com,1
sacramento.cbslocal.com,1
kqed.org,1
kuow.org,1
kurdistan24.net,1
kyivpost.com,1
laconiadailysun.com,1
lapresse.ca,1
repubblica.it,1
lastampa.it,1
latimes.com,1
lasvegassun.com,1
latintimes.com,1
lawandcrime.com,1
leavenworthtimes.com,1
leftjustified.com,1
lethbridgeherald.com,1
kentucky.com,1
lifehacker.com,1
lamag.com,1
macleans.ca,1
mainebeacon.com,1
mainichi.jp,1
malaysiakini.com,1
mb.com.ph,1
maplight.org,1
mcclatchydc.com,1
mediafiledc.com,1
medium.com,1
metro.us,1
metro.co.uk,1
nhregister.com,1
mexiconewsdaily.com,1
miamiherald.com,1
mic.com,1
middleeasteye.net,1
migrationpolicy.org,1
jsonline.com,1
startribune.com,1
mprnews.org,1
minnpost.com,1
news.mongabay.com,1
themoscowtimes.com,1
mnn.com,1
mothership.sg,1
msn.com,1
muncievoice.com,1
mwcnews.net,1
mycentraljersey.com,1
naplesnews.com,1
transequality.org,1
natmonitor.com,1
nationalnewswatch.com,1
nationalobserver.com,1
youthrights.org,1
resourcegovernance.org,1
nature.org,1
nbclosangeles.com,1
nbcnews.com,1
nbcnewyork.com,1
ndtv.com,1
newamerica.org,1
necn.com,1
ncnewsonline.com,1
neweurope.eu,1
newleftreview.org,1
newmatilda.com,1
newmoderate.com,1
citynews1130.com,1
newscentermaine.com,1
nydailynews.com,1
nytimes.com,1
newsandgutsmedia.com,1
newsdeeply.com,1
newsday.com,1
newser.com,1
newsweek.com,1
newsy.com,1
nhk.or.jp/nhkworld,1
niagara-gazette.com,1
novinky.cz,1
npr.org,1
occupyindependents.com,1
ocweekly.com,1
oilandwaterdontmix.org,1
oneindia.com,1
opendemocracy.net,1
openthegovernment.org,1
opposingviews.com,1
orlandosentinel.com,1
ourworldindata.org,1
outsidethebeltway.com,1
ozy.com,1
psmag.com,1
palmbeachdailynews.com,1
patrioticmillionaires.org,1
pbs.org,1
inquirer.com,1
phillytrib.com,1
inquirer.net,1
phillyvoice.com,1
phoenixnewtimes.com,1
politicalcritique.org,1
politico.com,1
politicsthatwork.com,1
politifact.com,1
polygon.com,1
populationconnection.org,1
pressherald.com,1
pamplinmedia.com,1
positive.news,1
pogo.org,1
project-syndicate.org,1
propublica.org,1
prospectmagazine.co.uk,1
providencejournal.com,1
citizen.org,1
qz.com,1
rfa.org,1
newsobserver.com,1
rationalwiki.org,1
religionnews.com,1
rgj.com,1
represent.us,1
revealnews.org,1
rightweb.irc-online.org,1
rocketnews.com,1
heraldonline.com,1
rooseveltinstitute.org,1
sacbee.com,1
sltrib.com,1
mysanantonio.com,1
sandiegoreader.com,1
sfchronicle.com,1
sfexaminer.com,1
sfglobe.com,1
mercurynews.com,1
sanluisobispo.com,1
independent.com,1
sapiens.org,1
saudigazette.com.sa,1
sciencing.com,1
scoopwhoop.com,1
scroll.in,1
seattlepi.com,1
seattletimes.com,1
sentencingproject.org,1
sfgate.com,1
shameproject.com,1
sojo.net,1
sootoday.com,1
scmp.com,1
sbs.com.au,1
spiegel.de,1
spin.com,1
news-leader.com,1
stltoday.com,1
twincities.com,1
stamfordadvocate.com,1
nj.com,1
statnews.com,1
stepfeed.com,1
stopfake.org,1
stuff.co.nz,1
sunlightfoundation.com,1
swissinfo.ch,1
syriahr.com,1
tabletmag.com,1
taiwannews.com.tw,1
tampabay.com,1
tarbell.org,1
taxjustice.net,1
taxpolicycenter.org,1
techcrunch.com,1
techdirt.com,1
texasmonthly.com,1
texastribune.org,1
theage.com.au,1
asahi.com,1
app.com,1
theautomaticearth.com,1
thebaffler.com,1
thebipartisanpress.com,1
brownsvilleherald.com,1
budapestbeacon.com,1
thebureauinvestigates.com,1
cepr.net,1
tcf.org,1
chinapost.nownews.com,1
thechristianleft.org,1
chronicle.com,1
thecitizen.org.au,1
thecity.nyc,1
coloradoan.com,1
coloradosun.com,1
canadians.org,1
courier-journal.com,1
dailyclimate.org,1
dailyhive.com,1
dailytarheel.com,1
dominionpost.com,1
ecfr.eu,1
lehighvalleylive.com,1
forward.com,1
readfrontier.org,1
thefulcrum.us,1
heraldscotland.com,1
theguardian.com,1
heraldnet.com,1
thehilltalk.com,1
newsite.thehindu.com,1
thehumanist.com,1
independent.co.uk,1
indianexpress.com,1
irishtimes.com,1
irrawaddy.com,1
thejakartapost.com,1
thejournal.ie,1
lohud.com,1
koreatimes.co.kr,1
lincolnproject.us,1
thelist.com,1
thelocal.no,1
mauinews.com,1
themoderatevoice.com,1
fool.com,1
alaraby.co.uk,1
thenewtropic.com,1
thenewstribune.com,1
newstimes.com,1
thenextweb.com,1
theguardian.com/observer,1
theodysseyonline.com,1
theolympian.com,1
palmbeachpost.com,1
pennlive.com,1
cleveland.com,1
pressdemocrat.com,1
pulsegulfcoast.com,1
northjersey.com,1
theringer.com,1
santafenewmexican.com,1
thesaturdaypaper.com.au,1
theskimm.com,1
thestate.com,1
statepress.com,1
thesunmagazine.org,1
smh.com.au,1
thetab.com,1
thetrace.org,1
thetyee.ca,1
thevarsity.ca,1
theverge.com,1
pilotonline.com,1
theweek.co.uk,1
wilderness.org,1
thewire.in,1
thewrap.com,1
news.trust.org,1
thrillist.com,1
time.com,1
timeline.com,1
timescolonist.com,1
timesheadline.com,1
timesofisrael.com,1
nola.com,1
tmz.com,1
today.com,1
thestar.com,1
truthbetold.news,1
typemediacenter.org,1
uawire.org,1
ucsusa.org,1
uft.org,1
universitybusiness.com,1
pravda.com.ua,1
urban.org,1
usatoday.com,1
usnews.com,1
upr.org,1
uticaod.com,1
variety.com,1
vibe.com,1
vice.com,1
victoriaadvocate.com,1
virginiamercury.com,1
voiceofsandiego.org,1
votevets.org,1
vulture.com,1
walesonline.co.uk,1
wamu.org,1
washingtonblade.com,1
washingtonpost.com,1
westernmassnews.com,1
wired.com,1
wishtv.com,1
wnyc.org,1
wilsoncenter.org,1
worldpolicy.org,1
worldcrunch.com,1
worldpress.org,1
wri.org,1
nbcwashington.com,1
wsvn.com,1
news.cn,1
news.yahoo.com,1
yaleglobal.yale.edu,1
ynetnews.com,1
ydr.com,1
yorkdispatch.com,1
youthradio.org,1
9news.com,1
nbc11news.com,1
12news.com,1
247wallst.com,1
24ur.com,1
38north.org,1
680news.com,1
1010wins.radio.com,1
join1440.com,1
abc7chicago.com,1
abc7ny.com,1
abc12.com,1
news.abs-cbn.com,1
actionnewsjax.com,1
adfontesmedia.com,1
adweek.com,1
africacheck.org,1
agdaily.com,1
afp.com,1
ansa.it,1
agerpres.ro,1
agweb.com,1
airforcetimes.com,1
airwars.org,1
alreporter.com,1
altoday.com,1
democratherald.com,1
ad.nl,1
allafrica.com,1
securingdemocracy.gmfus.org,1
amarillo.com,1
americanheritage.com,1
americanmilitarynews.com,1
americanpressinstitute.org,1
news.amomama.com,1
independentmail.com,1
aptnnews.ca,1
arcdigital.media,1
arirang.com,1
azcapitoltimes.com,1
armytimes.com,1
arstechnica.com,1
courier-tribune.com,1
atimes.com,1
apnews.com,1
atlasobscura.com,1
azfamily.com,1
ballotpedia.org,1
bangkokpost.com,1
baxterbulletin.com,1
belfercenter.org,1
bnd.com,1
benzinga.com,1
bestlifeonline.com,1
bettergov.org,1
bignewsnetwork.com,1
bigthink.com,1
sunherald.com,1
bismarcktribune.com,1
us.blastingnews.com,1
bleepingcomputer.com,1
bnonews.com,1
bozemandailychronicle.com,1
bridgemi.com,1
bringmethenews.com,1
bullshido.net,1
burnettcountysentinel.com,1
business2community.com,1
c-span.org,1
cpac.ca,1
capecodtimes.com,1
capitolfax.com,1
trib.com,1
castanet.net,1
philadelphia.cbslocal.com,1
cdt.org,1
opensecrets.org,1
csis.org,1
channelnewsasia.com,1
charitynavigator.org,1
timesfreepress.com,1
chinookobserver.com,1
csmonitor.com,1
cincinnati.com,1
cnet.com,1
ced.org,1
cpj.org,1
concordmonitor.com,1
congress.gov,1
cbo.gov,1
constitutioncenter.org,1
consumerreports.org,1
consumerist.com,1
cookpolitical.com,1
corriere.it,1
coronavirus.gov,1
cfr.org,1
countable.us,1
courthousenews.com,1
covidtracking.com,1
cp24.com,1
crainsdetroit.com,1
crimeola.com,1
ctvnews.ca,1
dccircuitbreaker.org,1
dailybusinessreview.com,1
dailycamera.com,1
daily-journal.com,1
dailyjournalonline.com,1
dailymaverick.co.za,1
dailyrecord.com,1
darientimes.com,1
daytondailynews.com,1
defensenews.com,1
defenseone.com,1
delrionewsherald.com,1
dentonrc.com,1
desmoinesregister.com,1
detik.com,1
differencebetween.net,1
digitaljournal.com,1
doctorswithoutborders.org,1
dpa-international.com,1
duluthnewstribune.com,1
eagletribune.com,1
eastidahonews.com,1
leadertelegram.com,1
ejinsight.com,1
elkodaily.com,1
elnuevodia.com,1
goerie.com,1
news.err.ee,1
eurasiagroup.net,1
everycrsreport.com,1
factcheck.org,1
factwire.org,1
fairobserver.com,1
fayobserver.com,1
federalnewsnetwork.com,1
federaltimes.com,1
ft.com,1
firstcoastnews.com,1
firstdraftnews.org,1
floridapolitics.com,1
jacksonville.com,1
foreignaffairs.com,1
foreignpolicy.com,1
fosters.com,1
fourstateshomepage.com,1
france24.com,1
freewheelus.com,1
fullfact.org,1
gainesville.com,1
gallup.com,1
gbtimes.com,1
geek.com,1
globalintegrity.org,1
globalslaveryindex.org,1
globegazette.com,1
goodnewsnetwork.org,1
gao.gov,1
govtrack.us,1
greatfallstribune.com,1
greenbaypressgazette.com,1
greenvilleonline.com,1
group30.org,1
hanfordsentinel.com,1
hbr.org,1
news.harvard.edu,1
hastingstribune.com,1
healthcarefinancenews.com,1
herald-review.com,1
hoax-slayer.com,1
homelandsecuritynewswire.com,1
howstuffworks.com,1
howtogeek.com,1
i24news.tv,1
icitizen.com,1
idahostatesman.com,1
imediaethics.org,1
inc.com,1
ijr.org,1
helenair.com,1
ivn.us,1
indexmundi.com,1
indystar.com,1
dailybulletin.com,1
iwpr.org,1
icij.org,1
iea.org,1
journals.cambridge.org,1
freemedia.at,1
rescue.org,1
ire.org,1
investopedia.com,1
jacksonsun.com,1
janes.com,1
japantimes.co.jp,1
jta.org,1
journalgazette.net,1
justicedenied.org,1
kff.org,1
kait8.com,1
kare11.com,1
kbmt12newsnow.com,1
kbtx.com,1
kcci.com,1
kcra.com,1
kctv5.com,1
pittsburgh.cbslocal.com,1
kdvr.com,1
turnto23.com,1
ketv.com,1
wyomingnewsnow.tv,1
kiplinger.com,1
kiro7.com,1
kitv.com,1
kmov.com,1
knopnews2.com,1
knowyourmeme.com,1
knowherenews.com,1
knoxnews.com,1
koamnewsnow.com,1
kompas.com,1
ksl.com,1
ksnblocal4.com,1
kstp.com,1
ktla.com,1
ktuu.com,1
ktva.com,1
ktvu.com,1
kusi.com,1
news9.com,1
kxii.com,1
ledevoir.com,1
lalibre.be,1
lansingstatejournal.com,1
lcsun-news.com,1
law.com,1
law360.com,1
lawfareblog.com,1
leadstories.com,1
ldnews.com,1
lesoir.be,1
limacharlienews.com,1
journalstar.com,1
lancasteronline.com,1
logically.ai,1
lompocrecord.com,1
news-journal.com,1
reporterherald.com,1
mediashift.org,1
makeuseof.com,1
memeorandum.com,1
commercialappeal.com,1
mentalfloss.com,1
myrecordjournal.com,1
merionwest.com,1
metrowestdailynews.com,1
newsnationnow.com,1
military.com,1
militarytimes.com,1
missoulian.com,1
mtstandard.com,1
morningconsult.com,1
napavalleyregister.com,1
nber.org,1
ncsl.org,1
followthemoney.org,1
nationaljournal.com,1
nationmaster.com,1
navytimes.com,1
theneed2know.com,1
newbernsj.com,1
nzherald.co.nz,1
newsandnews.com,1
kfor.com,1
newsfactsnetwork.com,1
newslookup.com,1
news24.com,1
newsela.com,1
newsguardtech.com,1
yournewsnet.com,1
newsnow.co.uk,1
nst.com.my,1
newzjunky.com,1
nextavenue.org,1
nextgov.com,1
niskanencenter.org,1
nknews.org,1
nolabels.org,1
noozhawk.com,1
norfolkdailynews.com,1
northkoreatimes.com,1
nwfdailynews.com,1
nwitimes.com,1
novinite.com,1
oilprice.com,1
oyez.org,1
guampdn.com,1
patch.com,1
patheos.com,1
pnj.com,1
pjstar.com,1
pgpf.org,1
piie.com,1
pewresearch.org,1
placesjournal.org,1
poconorecord.com,1
polygraph.info,1
poynter.org,1
prnewswire.mediaroom.com,1
procon.org,1
publicpolicypolling.com,1
prri.org,1
punchbowl.news,1
qctimes.com,1
radio.com,1
rferl.org,1
rand.org,1
rapidcityjournal.com,1
recode.net,1
relevantmagazine.com,1
rsf.org,1
reporterslab.org,1
reuters.com,1
rfi.fr/en,1
riverbender.com,1
riverdalepress.com,1
roanoke.com,1
rocanews.com,1
rollcall.com,1
rte.ie,1
russialies.com,1
sandiegouniontribune.com,1
sanmarcosrecord.com,1
santamariatimes.com,1
heraldtribune.com,1
sayfiereview.com,1
sciencedebate.org,1
scoopnest.com,1
scotusblog.com,1
shareably.net,1
shorensteincenter.org,1
shreveporttimes.com,1
simplepolitics.co.uk,1
siouxcityjournal.com,1
news.sky.com,1
smartnews.com,1
snopes.com,1
southbendtribune.com,1
sun-sentinel.com,1
ny1.com,1
spectrumreport.com,1
spotlightpa.org,1
sctimes.com,1
stripes.com,1
silive.com,1
statesmanjournal.com,1
statesville.com,1
statista.com,1
stimson.org,1
stocknewsusa.com,1
strategypage.com,1
stratfor.com,1
taipeitimes.com,1
taskandpurpose.com,1
telegram.com,1
texasstandard.org,1
thatsnonsense.com,1
auburnpub.com,1
afr.com,1
thebalance.com,1
newsoptimist.ca,1
thecanadianpress.com,1
thecipherbrief.com,1
columbian.com,1
theconversation.com,1
daily-chronicle.com,1
dailygazette.com,1
tdn.com,1
dailynorthwestern.com,1
dailyprogress.com,1
theday.com,1
defconwarningsystem.com,1
thediplomat.com,1
economist.com,1
theflipside.io,1
news.hjnews.com,1
heraldnews.com,1
herald-dispatch.com,1
heraldsun.com,1
thehill.com,1
jamestown.org,1
jordantimes.com,1
journalstandard.com,1
macon.com,1
mariettatimes.com,1
themarshallproject.org,1
memepoliceman.com,1
themoderatedmedia.com,1
modbee.com,1
themonitor.com,1
mcall.com,1
thenevadaindependent.com,1
thenews.mx,1
thenews.com.pk,1
thenewsliteracyproject.org,1
observatory.journalism.wisc.edu,1
outlook.monmouth.edu,1
pantagraph.com,1
postandcourier.com,1
poststar.com,1
syracuse.com,1
recordnet.com,1
theregister.co.uk,1
therepublic.com,1
masslive.com,1
scotsman.com,1
cumberlink.com,1
thesmokinggun.com,1
sociable.co,1
thesouthern.com,1
stardem.com,1
thestrategybridge.org,1
tennessean.com,1
mywebtimes.com,1
thetandd.com,1
thetowntalk.com,1
truthsetter.com,1
vindy.com,1
wcfcourier.com,1
zdf.de,1
thirdway.org,1
thoughtco.com,1
timesofsandiego.com,1
magicvalley.com,1
todayifoundout.com,1
transparency.org,1
transpartisanreview.com,1
record-eagle.com,1
tribunecontentagency.com,1
tri-cityherald.com,1
truthorfiction.com,1
tut.by,1
tvw.org,1
undark.org,1
upi.com,1
house.gov,1
usaspending.gov,1
usafacts.org,1
standard.net,1
verafiles.org,1
viralthread.com,1
voanews.com,1
vosizneias.com,1
votesmart.org,1
wacotrib.com,1
warontherocks.com,1
c-span.org/wj,1
wtop.com,1
wbay.com,1
10tv.com,1
wbtv.com,1
wcax.com,1
clickondetroit.com,1
wearethemighty.com,1
weny.com,1
wetmmytwintiers.com,1
wfmynews2.com,1
wfmz.com,1
myfox8.com,1
wgntv.com,1
whsv.com,1
wowt.com,1
wtvy.com,1
en.wikinews.org,1
wikipedia.org,1
wikitribune.com,1
winnipegfreepress.com,1
winonadailynews.com,1
journalnow.com,1
wionews.com,1
host.madison.com,1
wmur.com,1
fox35orlando.com,1
weforum.org,1
wn.com,1
worldometers.info,1
worldpoliticsreview.com,1
worldpopulationreview.com,1
wpxi.com,1
wral.com,1
wrdw.com,1
wsaz.com,1
wtae.com,1
wtok.com,1
newschannel5.com,1
fox29.com,1
wusa9.com,1
wvec13newsnow.com,1
wxia11alive.com,1
zdnet.com,1
additudemag.com,1
airspacemag.com,1
allianceforscience.cornell.edu,1
aap.org,1
aaas.org,1
sites.agu.org,1
ajaonline.org,1
ajph.aphapublications.org,1
lung.org,1
ama-assn.org,1
aps.org,1
apsa.org,1
apa.org,1
americanscientist.org,1
adaa.org,1
archaeology.org,1
astronomy.com,1
skeptics.com.au,1
autisticadvocacy.org,1
biomedcentral.com,1
biospace.com,1
bio.org,1
carbonbrief.org,1
cdc.gov,1
climateactiontracker.org,1
climatecentral.org,1
climatefeedback.org,1
climatesciencewatch.org,1
cochrane.org,1
consumerlab.com,1
cosmosmagazine.com,1
disabilityscoop.com,1
discovermagazine.com,1
drugs.com,1
earthsky.org,1
edge.org,1
britannica.com,1
eurekalert.org,1
everydayhealth.com,1
examine.com,1
fas.org,1
frontiersin.org,1
journal.frontiersin.org,1
futurism.com,1
genengnews.com,1
geneticliteracyproject.org,1
healio.com,1
healthaffairs.org,1
healthfeedback.org,1
healthline.com,1
insidescience.org,1
ieee.org,1
healthdata.org,1
iop.org,1
irena.org,1
issues.org,1
web.randi.org,1
hopkinsmedicine.org,1
jstor.org,1
mayoclinic.org,1
medicaldaily.com,1
medicalnewstoday.com,1
medicalxpress.com,1
medpagetoday.com,1
medscape.com,1
mentaldaily.com,1
technologyreview.com,1
mosaicscience.com,1
nasa.gov,1
nationalacademyofsciences.org,1
ncdc.noaa.gov,1
nationalgeographic.com,1
nih.gov,1
noaa.gov,1
nature.com,1
nautil.us,1
neurosciencenews.com,1
newatlas.com,1
nejm.org,1
theness.com,1
newhumanist.org.uk,1
newscientist.com,1
nextbigfuture.com,1
nextobserver.com,1
oceana.org,1
paho.org,1
phys.org,1
ispp.org,1
popularmechanics.com,1
popsci.com,1
precisionvaccinations.com,1
pnas.org,1
psychcentral.com,1
psychologytoday.com,1
psypost.org,1
plos.org,1
ncbi.nlm.nih.gov,1
quackwatch.org,1
quantamagazine.org,1
realclearscience.com,1
realclimate.org,1
realmofhistory.com,1
researchgate.net,1
resourcewatch.org,1
retractionwatch.com,1
journals.sagepub.com,1
scicentral.com,1
sciencebasedmedicine.org,1
scienceblogs.com,1
sciencedaily.com,1
sciencedirect.com,1
sciencefeedback.co,1
sciencehistory.org,1
scienceillustrated.com.au,1
sciencemag.org,1
sciencemediacentre.org,1
sciencenews.org,1
sciencetrends.com,1
sciencealert.com,1
scientificamerican.com,1
scripps.ucsd.edu,1
seeker.com,1
significancemagazine.com,1
singularityhub.com,1
skeptic.com,1
skepticalinquirer.org,1
skepticalraptor.com,1
skepticalscience.com,1
skeptoid.com,1
skyandtelescope.com,1
smithsonianmag.com,1
societyforscience.org,1
space.com,1
techxplore.com,1
aip.org,1
bmj.com,1
thelancet.com,1
the-scientist.com,1
skepdic.com,1
watchers.news,1
understandrealitythroughscience.blogspot.com,1
unenvironment.org,1
universetoday.com,1
science.energy.gov,1
vaxopedia.org,1
verywell.com,1
verywellfamily.com,1
webmd.com,1
who.int,1
public.wmo.int,1
zmescience.com,1
cnn-business-news.ga,0
kbc14.com,0
kcst7.com,0
kf13.com,0
krb7.com,0
kty24news.com,0
nydailynews-tv.com,0
observeronline.news,0
themiamigazette.com,0
werk35.com,0
westfieldpost.com,0
wrpm33.com,0
wy21news.com,0
blog.veterantv.net,1
freedomjunkshun.com,1
nunadisbereel.com,1
politicass.com,1
therealshtick.com,1
bestthings.us,0
blackinsurancenews.com,0
bluelinestrong.net,0
city-herald.com,0
conservative7.com,0
conservativepoliticus.com,0
dailystormer.com,0
firstpost.com,0
ilovenativeamericans.us,0
indiatimes.com,0
mediamaxzone.com,0
nativeamericans.us,0
positivedaily.com,0
reflectionofmind.org,0
thesolexchange.com,0
topinfopost.con,0
urbanimagemagazine.com,0
welovenative.com,0
baptistnews.com,1
cato.org/blog,1
davidstockmanscontracorner.com,1
deadlinelive.info,1
emptywheel.net,1
filmsforaction.org,1
fusion.net,1
geopolmonitor.com,1
jackpineradicals.com,1
nakedcapitalism.com,1
newcoldwar.org,1
observer.com,1
presidentialvoting2016.com,1
theintercept.com,1
americankabuki.blogspot.com,0
checkoutthehealthyworld.com,0
collectivelyconscious.net,0
galacticconnection.com,0
in5d.com,0
lifeprevention.com,0
rawforbeauty.com,0
realplanetnews.com,0
whydontyoutrythis.com,0
worldwidehealthy.com,0
bigbluedimension.com,1
magafeed.com,1
megafreshnews.com,1
